src_ip,src_port,dst_ip,host,url,user_agent,response_size,status_code,attack,anomaly
2,39298,10,3,887,84,1075,403,1,1
3,43884,11,4,741,85,527,403,1,1
2,57408,11,4,754,26,980,400,1,1
3,50044,9,2,583,17,0,403,1,1
3,48040,6,13,828,70,168,404,1,1
2,36208,6,13,70,84,168,404,1,1
2,47282,6,13,283,84,168,404,1,1
3,34002,7,14,355,84,995,403,1,1
2,49476,9,2,467,37,301,400,1,1
3,54270,6,13,132,84,168,404,1,1
2,41198,6,13,244,84,168,404,1,1
3,52654,6,13,591,71,570,404,1,1
3,53056,11,4,771,17,0,403,1,1
3,48352,10,3,893,84,1188,403,1,1
2,59760,9,2,266,84,951,403,1,1
3,51426,6,13,306,84,168,404,1,1
2,57780,21,14,417,47,0,400,1,1
3,50552,10,3,1012,29,432,404,1,1
2,45370,7,14,44,84,837,403,1,1
2,49998,10,3,934,84,1212,403,1,1
3,43598,11,4,746,17,980,400,1,1
2,56636,7,14,94,84,744,403,1,1
2,52898,6,13,142,84,168,404,1,1
2,47238,9,2,464,7,301,400,1,1
2,36320,9,2,364,27,301,400,1,1
3,56664,11,4,803,4,0,302,1,1
3,52814,11,4,671,84,1504,403,1,1
3,59824,10,3,974,35,308,404,1,1
3,35830,9,2,164,84,1542,403,1,1
2,50232,10,3,889,84,2102,403,1,1
2,33564,7,14,90,84,607,403,1,1
2,50568,10,3,949,84,1057,403,1,1
3,55872,6,13,549,48,168,404,1,1
3,36878,21,14,226,84,906,403,1,1
2,47366,9,2,89,84,668,403,1,1
3,56706,11,4,803,4,0,302,1,1
2,55268,7,14,155,84,1195,403,1,1
3,40902,11,4,803,66,0,302,1,1
3,53582,7,14,5,67,245,404,1,1
3,59798,6,13,214,84,168,404,1,1
3,52274,10,3,982,42,309,404,1,1
2,34848,6,13,53,84,168,404,1,1
2,54274,7,14,239,84,1103,403,1,1
3,58556,11,4,734,84,1327,403,1,1
3,54496,9,2,439,45,301,400,1,1
2,35130,6,13,30,84,168,404,1,1
2,58444,21,14,152,84,1477,403,1,1
2,56484,11,4,802,44,511,403,1,1
2,52178,11,4,630,84,1218,403,1,1
3,37364,9,2,410,38,0,403,1,1
2,58150,10,3,864,84,735,403,1,1
3,57668,10,3,892,84,0,403,1,1
3,40212,11,4,803,66,0,302,1,1
3,36348,6,13,453,41,570,404,1,1
3,42714,11,4,728,84,1363,403,1,1
2,43274,10,3,991,28,305,404,1,1
3,40138,9,2,500,46,301,400,1,1
2,33948,6,13,205,84,168,404,1,1
2,51666,10,3,849,84,1215,403,1,1
2,41410,10,3,1001,25,305,404,1,1
3,44370,6,13,496,31,570,404,1,1
3,51970,9,2,406,35,301,400,1,1
2,58190,11,4,805,62,0,302,1,1
2,39150,10,3,929,84,903,403,1,1
2,32982,11,4,636,84,1109,403,1,1
2,36754,9,2,203,84,1125,403,1,1
3,59554,10,3,988,35,306,404,1,1
2,36182,21,14,126,84,1180,403,1,1
1,53888,12,5,833,16,1435,200,1,-1
1,54403,12,5,830,82,3535,200,1,-1
3,39278,10,3,867,84,825,403,1,1
3,58026,9,2,533,75,301,400,1,1
3,53642,9,2,517,20,301,400,1,1
2,57340,11,4,743,57,980,400,1,1
2,59400,9,2,204,84,1125,403,1,1
2,42826,11,4,716,84,1221,403,1,1
2,55040,10,3,973,58,332,404,1,1
3,37722,10,3,964,73,305,404,1,1
3,52382,10,3,875,84,1086,403,1,1
2,53420,6,13,235,84,0,403,1,1
3,53940,11,4,809,49,980,400,1,1
2,56332,10,3,932,84,974,403,1,1
3,44072,21,14,480,8,0,400,1,1
3,58690,9,2,508,56,301,400,1,1
2,36394,10,3,913,84,1233,403,1,1
3,50716,21,14,2,63,203,404,1,1
2,39274,9,2,194,84,1125,403,1,1
3,43410,11,4,803,35,0,302,1,1
3,38054,10,3,895,84,1197,403,1,1
3,45562,6,13,405,3,168,404,1,1
3,34326,10,3,993,2,320,404,1,1
2,50720,21,14,308,84,715,403,1,1
3,45878,10,3,899,84,1146,403,1,1
2,53134,11,4,653,84,1291,403,1,1
2,51290,9,2,154,84,1637,403,1,1
2,33122,6,13,249,84,168,404,1,1
3,47532,9,2,173,84,1236,403,1,1
2,59920,11,4,644,84,1785,403,1,1
2,55860,7,14,409,80,0,400,1,1
2,58710,11,4,618,84,2239,403,1,1
2,59046,10,3,903,84,1486,403,1,1
3,54062,7,14,554,11,0,400,1,1
2,57846,11,4,723,84,1579,403,1,1
2,41280,6,13,139,84,168,404,1,1
2,60340,11,4,624,84,1103,403,1,1
2,52720,9,2,384,66,301,400,1,1
3,53476,11,4,698,84,1141,403,1,1
2,45188,6,13,356,84,168,404,1,1
2,42610,9,2,170,84,1311,403,1,1
2,37172,10,3,915,84,1016,403,1,1
3,47632,9,2,435,56,301,400,1,1
2,47094,6,13,342,84,168,404,1,1
2,40350,21,14,567,48,329,404,1,1
2,46292,6,13,483,44,168,404,1,1
2,59724,9,2,340,84,1128,403,1,1
3,33050,10,3,836,66,338,404,1,1
3,52340,11,4,803,23,0,302,1,1
2,57838,7,14,461,67,0,400,1,1
3,60246,10,3,966,35,305,404,1,1
2,50158,11,4,668,84,1106,403,1,1
3,35260,10,3,904,84,1065,403,1,1
2,47798,9,2,3,57,324,404,1,1
2,52808,6,13,134,84,168,404,1,1
3,45998,11,4,672,84,1459,403,1,1
2,48106,9,2,354,84,1074,403,1,1
3,37276,6,13,150,84,168,404,1,1
3,44058,21,14,570,10,0,400,1,1
2,56916,10,3,853,84,328,414,1,1
2,40572,11,4,659,84,1372,403,1,1
2,47406,6,13,159,84,168,404,1,1
3,47412,9,2,174,84,1236,403,1,1
2,42624,9,2,82,84,893,403,1,1
3,41064,6,13,370,10,168,404,1,1
3,51108,21,14,450,63,0,400,1,1
3,47714,10,3,873,84,888,403,1,1
2,58242,11,4,673,84,1264,403,1,1
2,44606,6,4,803,84,168,404,1,1
3,42820,9,2,545,60,301,400,1,1
2,56182,7,14,212,84,2220,403,1,1
3,56632,11,4,803,4,0,302,1,1
2,59186,9,2,255,84,995,403,1,1
3,36536,6,13,179,84,168,404,1,1
3,56970,9,2,392,28,301,400,1,1
2,41464,11,4,615,84,1046,403,1,1
3,41770,6,13,509,46,570,404,1,1
2,52784,10,3,971,22,308,404,1,1
2,53800,6,13,236,84,168,404,1,1
2,51472,9,2,495,29,301,400,1,1
3,51220,10,3,972,29,307,404,1,1
3,34694,6,13,400,21,570,404,1,1
3,35988,9,2,158,84,1340,403,1,1
2,58922,10,3,940,84,2092,403,1,1
3,43292,9,2,363,39,0,403,1,1
3,44366,9,2,510,68,301,400,1,1
2,40300,7,14,210,84,2121,403,1,1
2,39612,9,2,350,84,1443,403,1,1
2,55264,9,2,123,84,805,403,1,1
2,35104,10,3,846,84,1191,403,1,1
2,57326,6,13,487,28,570,404,1,1
2,58568,11,4,705,84,1390,403,1,1
2,57764,6,13,16,84,168,404,1,1
2,42520,11,4,731,84,1035,414,1,1
2,43362,7,14,587,9,0,400,1,1
3,47536,9,2,233,84,743,403,1,1
2,40532,6,13,124,84,168,404,1,1
3,36420,9,2,390,39,301,400,1,1
2,59136,10,3,872,84,1025,403,1,1
2,38908,10,3,862,84,2759,403,1,1
2,36782,11,4,648,84,837,403,1,1
3,37238,11,4,703,84,1615,403,1,1
2,53768,11,4,744,29,980,400,1,1
3,56102,6,13,537,71,570,404,1,1
3,47958,9,2,303,84,872,403,1,1
3,56350,9,2,572,28,301,400,1,1
3,52640,6,13,502,0,168,404,1,1
2,60150,9,2,102,84,1065,403,1,1
2,46136,10,3,907,84,1194,403,1,1
2,41026,11,4,733,84,1930,403,1,1
3,59730,6,13,8,43,168,404,1,1
3,33946,10,3,953,4,369,404,1,1
3,45728,6,13,574,31,570,404,1,1
2,34018,9,2,456,38,301,400,1,1
3,34410,7,14,187,84,1097,403,1,1
3,43602,10,3,978,18,303,404,1,1
3,60770,9,2,511,24,301,400,1,1
2,39472,9,2,128,84,1367,403,1,1
3,41626,11,4,814,60,980,400,1,1
3,46034,11,4,789,27,980,400,1,1
2,44044,6,13,213,84,168,404,1,1
3,46250,11,4,707,84,872,403,1,1
3,52166,11,4,725,84,1678,403,1,1
3,60994,6,13,69,84,168,404,1,1
3,42850,6,13,321,84,168,404,1,1
3,45434,10,3,983,53,306,404,1,1
2,54696,7,14,18,84,756,403,1,1
2,42414,11,4,627,84,1109,403,1,1
2,57986,11,4,803,84,1294,403,1,1
3,44864,21,14,111,84,1198,403,1,1
2,59068,9,2,52,84,1194,403,1,1
3,59834,6,13,399,48,168,404,1,1
2,39424,9,2,196,84,1290,403,1,1
2,48582,9,2,257,84,1017,403,1,1
2,44696,7,14,300,84,1040,403,1,1
2,46538,9,2,411,7,301,400,1,1
3,53092,6,13,497,81,168,404,1,1
2,49664,9,2,427,37,301,400,1,1
2,46868,9,2,440,7,301,400,1,1
2,41530,9,2,157,84,1110,403,1,1
3,43964,10,3,834,59,339,404,1,1
2,42742,9,2,144,84,2656,403,1,1
2,45300,11,4,776,12,980,400,1,1
3,38624,11,4,822,50,980,400,1,1
3,36120,9,2,359,84,990,403,1,1
2,33386,11,4,711,84,1231,403,1,1
3,46650,11,4,651,84,1351,403,1,1
3,52370,10,3,856,84,1069,403,1,1
2,54542,6,13,88,84,168,404,1,1
2,55632,10,3,1003,58,305,404,1,1
3,44192,6,13,141,84,168,404,1,1
2,58634,9,2,402,25,301,400,1,1
3,36392,10,3,885,84,1075,403,1,1
2,43900,6,13,79,84,168,404,1,1
2,57870,11,4,621,84,956,403,1,1
2,48818,7,14,346,84,1028,403,1,1
3,40604,11,4,756,21,980,400,1,1
3,52368,9,2,367,22,0,403,1,1
3,47196,10,3,975,50,307,404,1,1
3,49704,11,4,694,84,1470,403,1,1
3,34076,10,3,1020,2,303,404,1,1
3,34770,11,4,670,84,1077,403,1,1
3,39778,7,14,293,84,804,403,1,1
2,38900,21,14,60,84,1021,403,1,1
3,48018,9,2,519,17,301,400,1,1
2,44494,11,4,749,12,980,400,1,1
3,41534,9,2,302,84,1443,403,1,1
3,46220,11,4,631,84,1384,403,1,1
2,46298,6,13,529,79,172,400,1,1
3,51698,9,2,202,84,2362,403,1,1
2,59012,9,2,191,84,1440,403,1,1
2,41864,9,2,295,84,1913,403,1,1
2,47128,9,2,67,84,940,403,1,1
2,45624,11,4,758,12,980,400,1,1
3,37722,11,4,780,76,980,400,1,1
2,50806,21,14,344,84,863,403,1,1
2,56480,6,13,137,84,168,404,1,1
2,56110,10,3,933,84,1251,403,1,1
2,40600,6,13,523,80,168,404,1,1
3,53222,6,13,462,81,168,404,1,1
2,33708,11,4,612,84,1231,403,1,1
3,42116,6,13,600,3,168,404,1,1
2,35658,11,4,637,84,1099,403,1,1
3,47828,6,13,11,70,168,404,1,1
3,53660,10,3,989,4,306,404,1,1
2,58066,6,13,468,30,168,404,1,1
3,54124,6,13,469,81,168,404,1,1
2,48902,11,4,609,84,0,302,1,1
2,41630,6,13,339,84,168,404,1,1
2,35358,21,14,143,84,988,403,1,1
3,57676,10,3,970,2,308,404,1,1
3,56550,11,4,803,4,0,302,1,1
3,47576,10,3,985,74,306,404,1,1
3,59060,11,4,699,84,954,403,1,1
3,52774,9,2,92,84,879,403,1,1
2,59334,9,2,216,84,1947,403,1,1
3,44610,21,14,72,84,844,403,1,1
2,45282,7,14,548,19,0,400,1,1
3,40210,11,4,782,21,557,403,1,1
2,53096,9,2,59,84,980,403,1,1
3,38180,11,4,807,50,980,400,1,1
2,54334,7,14,223,84,1034,403,1,1
2,50636,6,13,34,84,168,404,1,1
2,50334,21,14,349,84,999,403,1,1
2,47664,6,13,73,84,168,404,1,1
3,40058,9,4,803,84,301,400,1,1
2,53094,6,13,289,84,168,404,1,1
3,48980,9,2,393,18,301,400,1,1
2,56418,7,14,13,84,903,403,1,1
3,36426,10,3,914,84,1353,403,1,1
2,52458,6,13,131,84,168,404,1,1
3,60260,6,13,416,24,0,403,1,1
2,52842,11,4,674,84,1609,403,1,1
2,53176,6,13,209,84,168,404,1,1
3,39326,10,3,947,84,844,403,1,1
3,39084,9,2,499,28,301,400,1,1
2,43606,11,4,779,24,980,400,1,1
3,37994,21,14,590,12,0,400,1,1
3,46406,10,3,908,84,1293,403,1,1
3,48058,9,2,595,17,301,400,1,1
2,49962,9,2,579,37,301,400,1,1
3,52008,7,14,465,0,0,400,1,1
3,56172,21,14,516,1,0,400,1,-1
3,58268,11,4,664,84,944,403,1,1
3,59608,11,4,798,85,559,403,1,1
2,44786,7,14,424,19,276,404,1,1
2,43890,6,13,66,84,168,404,1,1
3,47926,21,14,438,29,0,400,1,1
2,53804,10,3,874,84,888,403,1,1
2,53122,6,13,272,84,168,404,1,1
2,50142,10,3,848,84,1030,403,1,1
3,47954,9,2,281,84,1090,403,1,1
3,40094,7,14,492,77,0,400,1,1
3,40290,11,4,792,21,980,400,1,1
2,58128,10,3,925,84,935,403,1,1
3,45670,21,14,140,84,754,403,1,1
2,59896,10,3,1011,18,437,404,1,1
1,55138,12,5,833,16,1435,200,1,-1
3,57584,6,13,520,48,168,404,1,1
3,46792,21,14,337,84,837,403,1,1
3,39978,10,3,991,24,305,404,1,1
2,56966,9,2,176,84,1290,403,1,1
3,39272,10,3,1014,44,305,404,1,1
2,60154,10,3,886,84,1075,403,1,1
3,41124,21,14,313,84,1332,403,1,1
2,50112,10,3,898,84,1113,403,1,1
3,46114,10,3,879,84,1044,403,1,1
3,34720,21,14,565,63,275,404,1,1
2,42986,10,3,1018,17,307,404,1,1
3,47844,9,2,280,84,703,403,1,1
2,50700,9,2,17,84,831,403,1,1
2,43688,10,3,961,17,306,404,1,1
2,37560,7,14,81,84,682,403,1,1
1,53642,12,5,607,5,3271,200,1,-1
3,53908,21,14,547,0,0,400,1,1
2,51454,11,4,676,84,1294,403,1,1
3,59828,9,2,145,84,955,403,1,1
3,52882,9,2,501,52,301,400,1,1
3,38326,11,4,812,52,980,400,1,1
3,50746,10,3,835,63,378,404,1,1
3,51398,9,2,54,84,2747,403,1,1
2,48820,10,3,905,84,1066,403,1,1
2,51346,9,2,68,84,723,403,1,1
2,48690,9,2,401,72,301,400,1,1
2,45756,7,14,522,19,0,400,1,1
3,45758,7,14,268,84,803,403,1,1
3,35728,9,2,592,1,301,400,1,1
2,59534,9,2,292,84,1057,403,1,1
2,54408,7,14,526,48,0,400,1,1
3,54462,6,13,398,81,168,404,1,1
2,47986,7,14,51,84,1103,403,1,1
3,60332,9,2,332,84,1007,403,1,1
2,34470,11,4,647,84,845,403,1,1
3,38988,7,14,569,10,0,400,1,1
2,57704,9,2,41,84,1009,403,1,1
3,56066,21,14,232,84,1151,403,1,1
2,42074,9,2,251,84,1209,403,1,1
2,40992,9,2,331,84,1137,403,1,1
3,35700,9,2,127,84,1259,403,1,1
3,36318,7,14,116,84,838,403,1,1
3,36842,11,4,803,7,0,302,1,1
2,44664,7,14,324,84,878,403,1,1
3,47428,10,3,976,74,303,404,1,1
2,60464,11,4,638,84,0,403,1,1
3,40664,11,4,794,21,980,400,1,1
2,45310,6,13,598,64,168,404,1,1
2,44402,6,13,358,84,168,404,1,1
3,44894,7,14,593,68,0,400,1,1
3,57338,11,4,617,84,2403,403,1,1
2,47030,9,2,476,7,301,400,1,1
2,36660,6,13,120,84,168,404,1,1
3,57626,10,3,896,84,1461,403,1,1
2,42940,10,3,1019,28,305,404,1,1
3,36156,11,4,740,76,980,400,1,1
3,51992,10,3,839,84,1003,403,1,1
2,47852,9,2,38,84,1099,403,1,1
3,35360,21,14,64,84,826,403,1,1
2,56002,11,4,761,44,980,400,1,1
3,44572,10,3,1006,18,306,404,1,1
3,38896,6,13,423,52,168,404,1,1
2,57700,11,4,609,84,0,302,1,1
3,46020,11,4,785,27,980,400,1,1
2,45666,7,14,256,84,801,403,1,1
3,36404,6,13,269,84,168,404,1,1
3,45172,7,14,524,68,0,400,1,1
3,51898,11,4,669,84,1077,403,1,1
2,56206,6,13,316,84,168,404,1,1
2,54042,7,14,12,84,718,403,1,1
3,53934,21,14,474,0,0,400,1,-1
2,57430,9,2,265,84,0,403,1,1
2,58474,21,14,435,9,0,400,1,1
2,58654,11,4,620,84,0,403,1,1
2,35436,6,13,322,84,168,404,1,1
3,55964,6,13,514,71,570,404,1,1
2,44880,6,13,27,84,168,404,1,1
2,58346,10,3,882,84,1194,403,1,1
3,56330,10,3,981,42,383,404,1,1
3,35964,9,2,326,84,0,403,1,1
2,59554,6,13,447,13,168,404,1,1
2,57746,21,14,274,84,1367,403,1,1
2,42210,11,4,656,84,1211,403,1,1
2,46190,9,2,169,84,908,403,1,1
3,58552,6,4,803,84,168,404,1,1
3,54020,11,4,709,84,1738,403,1,1
2,39960,21,14,309,84,962,403,1,1
2,43872,6,13,829,80,168,404,1,1
3,40802,10,3,943,84,734,403,1,1
3,38252,21,14,0,84,0,200,1,1
2,45822,7,14,76,84,1026,403,1,1
2,45002,7,14,240,84,1130,403,1,1
3,59584,6,13,310,84,168,404,1,1
2,57422,11,4,667,84,1106,403,1,1
3,51982,11,4,816,59,980,400,1,1
2,42014,21,14,24,84,770,403,1,1
2,37614,10,3,837,78,304,404,1,1
2,40454,21,14,96,84,718,403,1,1
3,60314,9,2,366,24,301,400,1,1
3,35902,9,2,576,34,301,400,1,1
2,49524,11,4,682,84,1167,403,1,1
2,44842,7,14,77,84,1537,403,1,1
2,58702,10,3,944,84,1137,403,1,1
3,33384,21,14,61,84,954,403,1,1
2,34130,10,3,884,84,1184,403,1,1
2,59216,7,14,568,67,0,400,1,1
2,39226,21,14,78,84,1537,403,1,1
3,33994,7,14,91,84,607,403,1,1
3,39998,11,4,639,84,892,403,1,1
2,51338,9,2,31,84,1031,403,1,1
3,34518,10,3,930,84,1140,403,1,1
3,53134,11,4,803,23,0,302,1,1
2,53592,11,4,610,29,499,403,1,1
2,48492,11,4,649,84,1048,403,1,1
2,53972,11,4,765,29,980,400,1,1
3,56666,9,2,596,28,0,403,1,1
3,41444,9,2,74,84,898,403,1,1
3,39492,9,2,571,46,301,400,1,1
2,46386,6,13,221,84,0,403,1,1
2,50934,10,3,880,84,1199,403,1,1
3,47640,9,2,263,84,0,403,1,1
2,43368,11,4,757,80,980,400,1,1
3,42162,21,14,4,11,245,404,1,1
3,54500,6,13,488,81,168,404,1,1
2,45160,6,13,188,84,168,404,1,1
2,45598,6,13,98,84,168,404,1,1
2,48056,9,2,119,84,849,403,1,1
2,40882,21,14,36,84,756,403,1,1
3,41846,9,2,546,56,301,400,1,1
2,56778,11,4,629,84,1119,403,1,1
3,46920,11,4,708,84,1738,403,1,1
3,43752,11,4,803,35,0,302,1,1
2,46700,9,2,270,84,818,403,1,1
2,41050,11,4,713,84,1612,403,1,1
2,49650,6,13,146,84,168,404,1,1
3,54302,6,13,282,84,168,404,1,1
2,47182,21,14,305,84,725,403,1,1
3,48538,6,13,211,84,168,404,1,1
3,54380,9,2,404,45,301,400,1,1
2,35402,6,13,147,84,168,404,1,1
2,34228,6,13,471,13,168,404,1,1
2,45122,7,14,22,84,2155,403,1,1
2,38312,6,13,107,84,168,404,1,1
3,59212,6,13,485,43,168,404,1,1
2,59570,11,4,684,84,1248,403,1,1
2,57970,10,3,963,41,305,404,1,1
3,51516,10,3,1005,63,309,404,1,1
2,41670,21,14,238,84,1133,403,1,1
2,45246,6,13,577,64,168,404,1,1
2,38350,10,3,938,84,1059,403,1,1
3,40244,11,4,786,21,980,400,1,1
2,56698,21,14,271,84,739,403,1,1
3,51404,10,3,866,84,825,403,1,1
2,48528,9,2,197,84,1389,403,1,1
2,41466,11,4,679,84,3150,403,1,1
2,55382,7,14,421,48,0,400,1,1
1,54152,12,5,833,5,1435,200,1,-1
2,53608,11,4,750,29,980,400,1,1
3,41694,6,13,578,6,0,403,1,1
3,60244,21,14,353,84,795,403,1,1
3,45604,6,13,395,3,168,404,1,1
2,50000,10,3,858,84,960,403,1,1
3,42092,9,2,387,56,301,400,1,1
2,41158,21,14,338,84,696,403,1,1
2,58770,10,3,917,84,1167,403,1,1
2,57202,9,2,307,84,953,403,1,1
2,60462,7,14,585,67,252,404,1,1
3,59994,6,13,43,84,168,404,1,1
3,53078,11,4,803,23,0,302,1,1
3,40072,7,14,207,84,794,403,1,1
2,52110,11,4,706,84,1300,403,1,1
3,56058,6,13,562,48,168,404,1,1
2,37892,7,14,198,84,1115,403,1,1
2,49996,9,2,458,37,301,400,1,1
2,35202,11,4,696,84,1106,403,1,1
3,58950,11,4,688,84,1441,403,1,1
3,44118,6,13,103,84,168,404,1,1
2,43866,11,4,783,80,526,403,1,1
2,60036,9,2,104,84,1182,403,1,1
3,47384,9,2,84,84,804,403,1,1
2,56108,11,4,775,44,980,400,1,1
3,37434,6,13,10,69,168,404,1,1
2,50074,11,4,641,84,1054,403,1,1
2,60902,11,4,677,84,1141,403,1,1
3,46626,10,3,881,84,1024,403,1,1
3,55738,9,2,373,47,301,400,1,1
3,51438,10,3,857,84,971,403,1,1
3,41656,11,4,803,84,980,400,1,1
3,52422,10,3,877,84,1236,403,1,1
2,50756,9,2,49,84,1215,403,1,1
3,40718,21,14,273,84,1142,403,1,1
3,40716,6,13,535,52,168,404,1,1
2,51646,11,4,717,84,1111,403,1,1
3,56066,6,13,482,71,570,404,1,1
2,57220,11,4,760,57,980,400,1,1
3,53496,6,13,252,84,168,404,1,1
3,47366,6,13,534,70,168,404,1,1
2,36480,10,3,901,84,1095,403,1,1
2,56852,9,2,47,84,952,403,1,1
3,54516,9,2,430,17,301,400,1,1
3,55136,6,13,385,48,168,404,1,1
3,51368,11,4,821,59,980,400,1,1
3,33384,10,3,952,59,344,404,1,1
2,35626,9,2,48,84,0,403,1,1
3,55662,11,4,803,84,980,400,1,1
2,36916,9,2,56,84,323,414,1,1
3,52700,9,2,503,52,301,400,1,1
2,59060,9,2,135,84,1374,403,1,1
2,40326,9,2,219,84,0,403,1,1
2,48956,10,3,911,84,1064,403,1,1
2,57030,11,4,777,57,980,400,1,1
3,51866,11,4,772,32,980,400,1,1
3,55742,10,3,921,84,1145,403,1,1
2,38818,11,4,801,61,980,400,1,1
2,60132,11,4,700,84,1085,403,1,1
3,60130,6,13,294,84,168,404,1,1
3,49116,21,14,28,84,570,403,1,1
2,39040,10,3,902,84,2535,403,1,1
3,46996,10,3,1007,74,308,404,1,1
2,48094,7,14,117,84,1099,403,1,1
3,57288,10,3,984,42,306,404,1,1
3,56478,11,4,739,17,980,400,1,1
2,44346,11,4,790,40,980,400,1,1
2,38710,11,4,774,61,980,400,1,1
3,59180,6,13,538,48,168,404,1,1
3,35944,9,2,2,1,282,404,1,1
2,44374,7,14,217,84,953,403,1,1
3,43016,21,14,45,84,873,403,1,1
2,60186,11,4,720,84,1274,403,1,1
2,50622,11,4,726,84,920,403,1,1
2,59486,10,3,847,84,1120,403,1,1
2,43932,11,4,732,84,0,403,1,1
2,44196,7,14,345,84,1286,403,1,1
3,41790,9,2,470,56,301,400,1,1
2,44868,11,4,640,84,1119,403,1,1
2,34478,7,14,29,84,952,403,1,1
3,42016,11,4,645,84,1785,403,1,1
3,47926,9,2,368,18,301,400,1,1
2,53826,11,4,753,29,980,400,1,1
3,51768,9,2,301,84,1218,403,1,1
3,43388,7,14,304,84,735,403,1,1
2,43592,10,3,1004,17,306,404,1,1
3,51182,10,3,967,29,307,404,1,1
3,38584,11,4,817,52,980,400,1,1
2,33870,10,3,927,84,1533,403,1,1
2,55572,10,3,841,84,856,403,1,1
2,45290,6,13,328,84,168,404,1,1
1,54654,8,1,832,16,3602,200,1,-1
2,58884,21,14,200,84,1112,403,1,1
2,37422,9,2,317,84,1201,403,1,1
3,47072,6,13,85,84,168,404,1,1
3,52322,6,13,259,84,168,404,1,1
3,48172,6,13,415,71,570,404,1,1
3,56484,10,3,956,42,306,404,1,1
3,45328,9,2,455,68,301,400,1,1
3,42820,6,13,298,84,168,404,1,1
3,50620,21,14,559,68,0,400,1,1
2,51854,6,13,182,84,168,404,1,1
2,48006,9,2,382,57,301,400,1,1
3,46780,11,4,623,84,1164,403,1,1
3,34712,10,3,1000,42,305,404,1,1
2,35344,6,13,149,84,168,404,1,1
2,46206,7,14,199,84,1115,403,1,1
2,58002,21,14,434,55,0,400,1,1
3,35550,6,13,32,84,168,404,1,1
2,35976,6,13,260,84,168,404,1,1
2,44490,11,4,768,40,980,400,1,1
2,57234,9,2,20,84,2234,403,1,1
3,37014,11,4,803,7,0,302,1,1
2,52622,6,13,254,84,168,404,1,1
2,54174,7,14,253,84,957,403,1,1
3,44718,6,13,515,3,168,404,1,1
2,42356,10,3,870,84,818,403,1,1
2,41608,11,4,701,84,1056,403,1,1
3,57088,11,4,764,17,980,400,1,1
3,38904,21,14,365,11,0,400,1,1
3,52118,10,3,883,84,1247,403,1,1
3,60666,9,2,95,84,1030,403,1,1
2,59208,11,4,663,84,944,403,1,1
3,34252,11,4,675,84,1609,403,1,1
2,55540,6,13,347,84,168,404,1,1
2,58316,10,3,986,21,306,404,1,1
3,45850,6,13,436,31,0,403,1,1
2,39884,11,4,770,9,980,400,1,1
3,44942,9,2,481,38,0,403,1,1
3,58660,7,14,63,84,1430,403,1,1
2,52614,6,13,165,84,168,404,1,1
2,56488,7,14,227,84,906,403,1,1
2,41610,9,2,50,84,1182,403,1,1
3,59970,6,13,403,43,168,404,1,1
2,43500,21,14,299,84,803,403,1,1
2,47854,9,2,40,84,910,403,1,1
3,40098,9,2,441,33,301,400,1,1
2,45710,7,14,343,84,887,403,1,1
3,36660,9,2,389,18,301,400,1,1
2,59978,11,4,689,84,1399,403,1,1
2,58816,11,4,616,84,1299,403,1,1
2,58398,11,4,730,84,1176,403,1,1
2,33836,7,14,383,85,0,400,1,1
3,52720,9,2,377,52,301,400,1,1
2,59590,10,3,979,18,303,404,1,1
2,39944,9,2,87,84,705,403,1,1
3,35974,11,4,763,19,980,400,1,1
2,44136,6,13,21,84,168,404,1,1
3,46290,7,14,114,84,1040,403,1,1
2,38556,9,2,318,84,1201,403,1,1
2,42502,6,13,362,80,168,404,1,1
2,59984,6,13,573,30,168,404,1,1
3,32800,21,14,493,43,0,400,1,1
3,53058,9,2,39,84,910,403,1,1
3,51542,6,13,312,84,168,404,1,1
2,59046,9,2,486,25,301,400,1,1
3,39846,9,2,541,33,301,400,1,1
2,36132,21,14,113,84,1796,403,1,1
2,42974,11,4,710,84,2378,403,1,1
2,39016,21,14,125,84,734,403,1,1
3,47384,7,14,106,84,1043,403,1,1
3,56138,21,14,323,84,1337,403,1,1
2,35634,11,4,646,84,883,403,1,1
3,57928,7,14,471,63,238,404,1,1
2,38628,11,4,787,61,980,400,1,1
3,51532,11,4,810,59,980,400,1,1
2,33250,6,13,443,13,168,404,1,1
2,53140,6,13,172,84,168,404,1,1
3,43666,9,2,473,60,301,400,1,1
3,41136,9,2,396,56,301,400,1,1
3,46010,10,3,1008,53,308,404,1,1
3,60550,21,14,133,84,2160,403,1,1
2,33968,7,14,99,84,779,403,1,1
3,42158,11,4,678,84,1261,403,1,1
2,38912,10,3,897,84,1185,403,1,1
3,57102,6,13,445,48,168,404,1,1
2,34706,9,2,115,84,1875,403,1,1
2,56718,21,14,9,81,0,400,1,1
2,41580,21,14,566,80,0,400,1,1
3,50674,10,3,960,29,306,404,1,1
2,36138,10,3,923,84,1111,403,1,1
2,38412,10,3,937,84,1158,403,1,1
3,56408,11,4,803,4,0,302,1,1
2,33936,6,13,201,84,168,404,1,1
2,41036,6,13,33,84,168,404,1,1
2,49734,10,3,876,84,1137,403,1,1
2,43392,11,4,661,84,1236,403,1,1
2,34084,9,2,460,38,301,400,1,1
2,49514,21,14,242,84,1222,403,1,1
1,55330,8,1,832,16,3602,200,1,-1
2,48150,9,2,429,57,301,400,1,1
3,35244,7,14,229,84,1124,403,1,1
2,41480,11,4,622,84,0,403,1,1
3,37712,11,4,803,7,0,302,1,1
2,55746,6,13,352,84,168,404,1,1
3,59178,6,13,588,48,168,404,1,1
2,33274,6,13,65,84,168,404,1,1
3,46256,11,4,632,84,2916,403,1,1
3,45366,11,4,767,27,980,400,1,1
3,51578,11,4,820,59,980,400,1,1
3,37568,9,2,528,38,346,404,1,1
2,48620,9,2,58,84,0,403,1,1
3,40412,10,3,948,84,1057,403,1,1
3,51808,10,3,851,84,1215,403,1,1
2,48454,9,2,336,84,1817,403,1,1
3,58598,6,13,597,43,168,404,1,1
2,45446,11,4,759,12,980,400,1,1
2,35036,6,13,327,84,168,404,1,1
2,49842,10,3,840,84,1275,403,1,1
2,44836,7,14,290,84,1932,403,1,1
2,40448,11,4,791,9,980,400,1,1
2,41300,21,14,418,67,0,400,1,1
3,51634,7,14,184,84,1196,403,1,1
3,52512,6,4,803,84,168,404,1,1
2,56714,11,4,797,26,980,400,1,1
2,49596,10,3,941,84,2092,403,1,1
2,50224,10,3,950,84,1095,403,1,1
3,53378,11,4,803,23,0,302,1,1
3,34788,10,3,951,42,310,404,1,1
3,47518,9,2,564,56,295,404,1,1
2,45588,6,13,225,84,168,404,1,1
3,40044,11,4,803,66,0,302,1,1
2,48806,9,2,243,84,1400,403,1,1
3,34956,11,4,691,84,1011,403,1,1
2,45234,6,13,479,79,172,400,1,1
3,44072,9,2,457,22,0,403,1,1
3,39492,10,3,957,71,306,404,1,1
2,35276,11,4,685,84,1110,403,1,1
2,59636,11,4,652,84,891,403,1,1
3,40346,9,2,437,46,301,400,1,1
3,60748,9,2,388,38,301,400,1,1
2,37832,7,14,230,84,1223,403,1,1
2,44318,7,14,494,19,0,400,1,1
2,39582,11,4,755,61,980,400,1,1
3,39796,9,2,426,33,301,400,1,1
3,55562,9,2,558,22,301,400,1,1
3,39620,9,2,376,46,301,400,1,1
2,38468,10,3,861,84,919,403,1,1
3,57882,9,2,413,75,301,400,1,1
2,45200,7,14,151,84,788,403,1,1
2,44272,6,13,171,84,168,404,1,1
2,42634,9,2,276,84,1221,403,1,1
3,43744,7,14,582,63,0,400,1,1
2,44136,6,13,231,84,168,404,1,1
2,52410,6,13,246,84,168,404,1,1
3,57280,10,3,980,42,308,404,1,1
2,48324,7,14,42,84,837,403,1,1
3,59800,6,13,475,43,168,404,1,1
3,46394,9,2,584,2,301,400,1,1
2,41114,6,13,7,80,168,404,1,1
3,42162,11,4,704,84,1291,403,1,1
2,48594,11,4,735,84,1534,403,1,1
2,45294,11,4,762,12,980,400,1,1
2,33596,9,2,161,84,1146,403,1,1
3,48112,6,13,394,71,570,404,1,1
2,44598,6,13,241,84,168,404,1,1
2,40518,11,4,778,9,980,400,1,1
2,43676,11,4,748,40,980,400,1,1
2,53912,9,2,357,84,0,403,1,1
2,53284,6,13,23,84,168,404,1,1
3,57494,11,4,773,17,980,400,1,1
2,59980,6,13,518,30,168,404,1,1
3,45472,11,4,813,68,980,400,1,1
2,43950,10,3,992,76,400,404,1,1
2,60732,10,3,931,84,0,403,1,1
3,53626,6,13,507,71,570,404,1,1
3,59758,10,3,962,35,0,403,1,1
2,58462,10,3,863,84,2619,403,1,1
2,58682,9,2,245,84,1152,403,1,1
3,47384,10,3,1016,74,352,404,1,1
2,35810,9,2,407,9,301,400,1,1
2,45358,7,14,360,47,0,400,1,1
3,40324,11,4,628,84,1005,403,1,1
2,45424,11,4,795,12,980,400,1,1
3,52088,11,4,692,84,1011,403,1,1
2,53388,10,3,871,84,832,403,1,1
2,41172,11,4,690,84,912,403,1,1
3,58898,6,13,375,65,168,404,1,1
3,52750,11,4,718,84,1048,403,1,1
3,36200,9,2,513,1,301,400,1,1
2,40892,11,4,634,84,1149,403,1,1
3,41634,9,2,287,84,993,403,1,1
2,56490,6,13,466,28,570,404,1,1
3,57148,9,2,428,28,301,400,1,1
3,40804,21,14,195,84,1211,403,1,1
3,53240,9,2,6,45,324,404,1,1
2,48580,9,2,148,84,773,403,1,1
2,42390,7,14,163,84,0,403,1,1
2,55382,9,2,286,84,993,403,1,1
2,33632,6,13,14,84,168,404,1,1
3,40752,21,14,186,84,1193,403,1,1
2,39238,10,3,928,84,1533,403,1,1
2,49156,10,3,854,84,1001,403,1,1
2,58728,6,13,371,30,172,400,1,1
3,44992,7,14,435,63,0,400,1,1
3,40012,10,3,900,84,1095,403,1,1
3,36628,6,13,440,69,168,404,1,1
3,46178,11,4,737,84,1148,403,1,1
2,57622,10,3,1015,41,352,404,1,1
3,41964,9,4,803,84,1273,403,1,1
3,60794,7,14,408,7,0,400,1,1
3,51540,11,4,626,84,0,403,1,1
2,38832,10,3,859,84,960,403,1,1
3,55624,9,2,489,28,301,400,1,1
2,38818,7,14,449,81,0,400,1,1
3,55934,6,13,156,84,168,404,1,1
2,50562,11,4,712,84,1051,403,1,1
2,44348,11,4,796,40,980,400,1,1
3,39980,21,14,335,84,1738,403,1,1
2,43402,11,4,793,80,980,400,1,1
3,47092,6,13,15,84,168,404,1,1
3,45610,10,3,959,50,305,404,1,1
2,33640,10,3,850,84,1215,403,1,1
2,33224,11,4,803,84,1176,403,1,1
3,36350,9,2,138,84,1248,403,1,1
2,42902,10,3,860,84,906,403,1,1
2,41738,11,4,714,84,1201,403,1,1
3,50434,11,4,665,84,1369,403,1,1
3,39902,11,4,803,66,0,302,1,1
2,55896,9,2,86,84,705,403,1,1
2,56470,7,14,168,84,766,403,1,1
2,52508,21,14,580,81,0,400,1,1
3,36984,11,4,658,84,1018,403,1,1
2,48148,7,14,315,84,1104,403,1,1
3,43432,9,2,100,84,858,403,1,1
2,52416,6,13,258,84,168,404,1,1
2,39318,9,2,330,84,1089,403,1,1
3,40504,10,3,968,24,306,404,1,1
3,43562,9,2,397,60,301,400,1,1
2,59024,10,3,888,84,888,403,1,1
3,44944,11,4,818,68,980,400,1,1
3,56564,11,4,803,4,0,302,1,1
3,37122,11,4,803,7,0,302,1,1
2,59920,11,4,654,84,1347,403,1,1
2,58610,10,3,969,21,306,404,1,1
3,40668,6,13,442,52,168,404,1,1
2,36640,9,2,472,9,301,400,1,1
3,39704,9,2,379,33,323,404,1,1
2,40134,9,2,193,84,1119,403,1,1
3,36154,9,2,208,84,873,403,1,1
2,43936,10,3,977,76,303,404,1,1
2,52206,6,13,333,84,168,404,1,1
3,42438,6,13,463,3,168,404,1,1
2,44084,6,13,451,79,168,404,1,1
2,35200,10,3,910,84,764,403,1,1
3,51760,21,14,166,84,957,403,1,1
2,60120,9,2,153,84,1637,403,1,1
3,51940,9,2,311,84,1202,403,1,1
3,34728,10,3,1013,42,432,404,1,1
2,57490,10,3,855,84,728,403,1,1
2,59342,9,2,248,84,1311,403,1,1
3,39072,11,4,819,52,980,400,1,1
2,41848,11,4,686,84,1213,403,1,1
3,48532,6,13,504,70,168,404,1,1
2,58472,9,2,185,84,1173,403,1,1
2,52446,6,13,348,84,168,404,1,1
3,47508,9,2,544,56,301,400,1,1
2,50442,11,4,738,84,1612,403,1,1
2,52448,11,4,625,84,1109,403,1,1
3,37836,11,4,745,51,980,400,1,1
2,49144,9,2,261,84,797,403,1,1
2,55548,21,14,505,81,0,400,1,1
2,41202,21,14,563,48,218,404,1,1
2,57566,6,13,374,30,168,404,1,1
3,40378,9,2,530,33,377,404,1,1
2,59580,9,2,57,84,1110,403,1,1
2,43620,11,4,769,24,980,400,1,1
3,59128,6,13,433,48,168,404,1,1
2,33382,21,14,180,84,1088,403,1,1
3,54444,6,13,380,81,168,404,1,1
2,53386,6,13,62,84,168,404,1,1
3,59424,9,2,220,84,969,403,1,1
2,34860,21,14,121,84,726,403,1,1
3,47020,10,3,987,74,306,404,1,1
3,35604,9,2,285,84,993,403,1,1
3,53828,9,2,539,45,290,404,1,1
2,57678,11,4,747,24,980,400,1,1
2,50128,11,4,657,84,1446,403,1,1
3,52208,10,3,922,84,1242,403,1,1
3,41766,7,14,484,29,300,404,1,1
3,36896,6,13,372,69,172,400,1,1
3,47396,6,13,291,84,168,404,1,1
3,44974,10,3,999,0,305,404,1,1
2,47920,10,3,920,84,1145,403,1,1
3,43696,6,13,351,84,168,404,1,1
1,54493,8,1,832,16,3602,200,1,-1
2,52832,6,13,105,84,168,404,1,1
2,36218,7,14,277,84,953,403,1,1
3,34638,10,3,1021,2,303,404,1,1
3,33916,11,4,633,84,2916,403,1,1
3,52438,9,2,525,52,301,400,1,1
2,37708,7,14,284,84,914,403,1,1
3,58570,9,2,130,84,1173,403,1,1
3,49980,11,4,803,19,0,302,1,1
2,44926,11,4,643,84,1067,403,1,1
2,44710,6,13,162,84,168,404,1,1
2,55598,6,13,19,84,168,404,1,1
2,39936,9,2,264,84,851,403,1,1
3,39404,10,3,918,84,849,403,1,1
3,50990,6,13,167,84,168,404,1,1
3,41028,21,14,37,84,855,403,1,1
2,44918,6,13,177,84,168,404,1,1
3,51058,11,4,811,59,980,400,1,1
2,57914,6,13,215,84,168,404,1,1
2,57232,7,14,419,48,0,400,1,1
3,39226,10,3,845,84,670,403,1,1
2,57408,21,14,1,47,0,400,1,-1
3,47234,7,14,431,28,0,400,1,1
2,42646,11,4,697,84,1164,403,1,1
3,36560,6,13,581,69,168,404,1,1
2,43484,11,4,804,62,0,302,1,1
3,46392,10,3,912,84,1329,403,1,1
2,46646,6,13,296,84,168,404,1,1
3,34272,9,2,425,34,357,404,1,1
2,52972,11,4,724,84,1579,403,1,1
3,34890,10,3,1017,42,319,404,1,1
3,51608,10,3,865,84,735,403,1,1
3,39612,10,3,946,84,1029,403,1,1
3,35442,9,2,531,1,301,400,1,1
3,42832,6,13,422,3,168,404,1,1
2,57922,21,14,279,84,953,403,1,1
3,46666,9,2,552,2,301,400,1,1
2,43418,10,3,924,84,1014,403,1,1
3,32802,7,14,414,8,0,403,1,1
3,50138,11,4,803,19,0,302,1,1
2,42076,11,4,613,84,1004,403,1,1
3,50312,6,13,97,84,168,404,1,1
2,35352,11,4,727,84,1357,403,1,1
2,45260,6,13,512,64,168,404,1,1
2,41340,9,2,329,84,1089,403,1,1
2,47398,21,14,234,84,865,403,1,1
3,47268,10,3,996,74,308,404,1,1
2,56826,6,13,452,30,168,404,1,1
3,34070,11,4,609,84,0,302,1,1
2,40708,6,13,361,80,168,404,1,1
3,47924,6,13,83,84,168,404,1,1
2,37844,10,3,939,84,1059,403,1,1
2,57502,9,2,71,84,950,403,1,1
3,60258,11,4,752,76,0,403,1,1
2,40414,9,2,192,84,1440,403,1,1
3,52258,11,4,680,84,1088,403,1,1
2,45186,7,14,26,84,757,403,1,1
3,45918,9,2,527,23,301,400,1,1
2,33468,10,3,894,84,1197,403,1,1
3,58572,6,4,803,84,168,404,1,1
3,50450,21,14,378,68,0,400,1,1
3,47698,10,3,838,84,818,403,1,1
3,33158,6,13,553,6,168,404,1,1
2,52830,6,13,237,84,168,404,1,1
2,36212,6,13,101,84,168,404,1,1
2,49348,9,2,446,37,301,400,1,1
2,49798,9,2,594,37,301,400,1,1
3,46252,11,4,784,70,980,400,1,1
2,39206,21,14,325,84,980,403,1,1
3,37010,6,13,543,69,168,404,1,1
3,49958,11,4,687,84,0,403,1,1
2,59046,10,3,842,84,1151,403,1,1
2,44426,11,4,650,84,966,403,1,1
3,51560,11,4,806,59,980,400,1,1
3,35570,9,2,118,84,1053,403,1,1
2,49744,9,2,551,37,301,400,1,1
3,40908,11,4,609,60,0,302,1,1
2,43640,11,4,642,84,1054,403,1,1
3,39828,9,2,542,46,391,404,1,1
2,58540,10,3,869,84,818,403,1,1
2,60382,11,4,693,84,1476,403,1,1
2,53300,6,13,589,85,168,404,1,1
3,58646,6,13,498,48,0,403,1,1
2,54476,6,13,222,84,168,404,1,1
3,45138,6,13,444,31,570,404,1,1
3,60260,7,14,575,12,0,403,1,1
3,34134,11,4,736,84,1183,403,1,1
3,46066,11,4,695,84,1470,403,1,1
3,56052,6,13,55,84,0,403,1,1
3,59288,21,14,369,67,0,400,1,1
3,54554,9,2,477,45,301,400,1,1
3,59334,6,13,381,8,168,404,1,1
3,39696,10,3,1010,24,308,404,1,1
2,41636,11,4,681,84,1693,403,1,1
3,41318,21,14,129,84,1288,403,1,1
2,57450,21,14,35,84,756,403,1,1
3,45860,10,3,1002,53,305,404,1,1
2,54994,21,14,109,84,843,403,1,1
3,40050,7,14,275,84,1043,403,1,1
3,44110,9,2,228,84,1103,403,1,1
3,34352,10,3,954,42,369,404,1,1
3,49810,11,4,803,19,0,302,1,1
3,47366,10,3,997,74,308,404,1,1
2,40104,11,4,614,84,782,403,1,1
3,33790,10,3,958,2,305,404,1,1
3,52326,10,3,906,84,1124,403,1,1
3,51860,11,4,715,84,1217,403,1,1
2,35316,11,4,635,84,876,403,1,1
3,42024,7,14,80,84,679,403,1,1
3,45500,11,4,800,27,980,400,1,1
2,58622,9,2,386,25,301,400,1,1
3,43190,6,13,536,52,168,404,1,1
2,44768,11,4,788,40,980,400,1,1
1,54655,8,1,832,16,3602,200,1,-1
2,60066,11,4,655,84,1211,403,1,1
2,59232,9,2,320,84,1105,403,1,1
2,48368,9,2,25,84,836,403,1,1
3,56584,9,2,561,68,301,400,1,1
3,58318,9,2,490,75,0,403,1,1
2,59370,11,4,666,84,1315,403,1,1
2,37954,6,13,112,84,168,404,1,1
3,47862,9,2,136,84,1226,403,1,1
2,35708,9,2,420,27,301,400,1,1
2,33946,10,3,955,36,309,404,1,1
3,40818,9,2,586,33,324,404,1,1
2,51074,9,2,181,84,1167,403,1,1
3,47844,21,14,448,54,0,400,1,1
2,41040,21,14,183,84,1196,403,1,1
3,38944,7,14,491,77,0,400,1,1
3,58562,9,2,599,75,301,400,1,1
3,35234,7,14,247,84,1154,403,1,1
2,40882,11,4,721,84,1360,403,1,1
2,58982,10,3,878,84,817,403,1,1
3,45548,9,2,540,38,0,403,1,1
3,43288,11,4,803,35,0,302,1,1
2,41832,11,4,719,84,1601,403,1,1
3,55384,6,13,432,41,0,403,1,1
2,54188,7,14,190,84,1262,403,1,1
2,33472,6,13,160,84,168,404,1,1
3,50786,11,4,803,19,0,302,1,1
3,53750,6,13,555,81,168,404,1,1
3,36350,10,3,844,84,933,403,1,1
2,56906,6,13,506,28,570,404,1,1
3,46298,21,14,178,84,1310,403,1,1
3,39092,21,14,75,84,819,403,1,1
2,51400,9,2,435,29,301,400,1,1
3,45928,10,3,990,53,306,404,1,1
3,33958,10,3,994,2,310,404,1,1
2,57762,10,3,995,41,306,404,1,1
2,38262,7,14,391,81,0,400,1,1
3,51656,11,4,781,32,980,400,1,1
2,44982,7,14,334,84,1992,403,1,1
2,56146,10,3,919,84,1145,403,1,1
3,53742,9,2,550,45,0,403,1,1
3,35656,9,2,459,1,301,400,1,1
3,51270,9,2,262,84,964,403,1,1
3,51842,10,3,843,84,2026,403,1,1
3,52712,7,14,556,0,0,400,1,1
3,46778,10,3,965,74,305,404,1,1
2,45500,7,14,267,84,745,403,1,1
2,41948,9,2,189,84,1275,403,1,1
2,52934,6,13,297,84,168,404,1,1
2,33322,9,2,250,84,1209,403,1,1
2,48882,9,2,224,84,0,403,1,1
3,54126,11,4,815,49,980,400,1,1
2,54568,11,4,742,29,980,400,1,1
3,46274,11,4,722,84,1174,403,1,1
2,54486,10,3,935,84,1026,403,1,1
3,46038,10,3,852,84,328,414,1,1
2,39976,10,3,868,84,788,403,1,1
3,37400,10,3,909,84,1251,403,1,1
3,34108,11,4,660,84,1221,403,1,1
2,41706,11,4,702,84,1230,403,1,1
2,49948,11,4,662,84,0,403,1,1
2,48478,10,3,891,84,866,403,1,1
2,39156,9,2,93,84,823,403,1,1
3,41514,9,4,803,84,813,403,1,1
2,39464,10,3,916,84,806,403,1,1
2,47768,10,3,942,84,2092,403,1,1
3,40432,11,4,803,66,0,302,1,1
3,57232,6,13,110,84,168,404,1,1
2,43512,11,4,766,80,980,400,1,1
3,37848,11,4,808,50,980,400,1,1
2,39512,10,3,936,84,1179,403,1,1
3,54046,7,14,532,11,0,400,1,1
2,49192,11,4,729,84,1207,403,1,1
3,34874,10,3,1009,2,308,404,1,1
2,42514,9,2,319,84,924,403,1,1
3,55826,21,14,122,84,726,403,1,1
3,50382,11,4,803,19,0,302,1,1
3,48434,6,13,46,84,168,404,1,1
2,49020,11,4,619,84,1292,403,1,1
3,44028,11,4,803,35,0,302,1,1
2,48656,10,3,926,84,1934,403,1,1
3,36470,9,2,560,1,301,400,1,1
2,50848,6,13,412,85,168,404,1,1
2,44322,21,14,206,84,1094,403,1,1
3,40044,9,2,557,38,301,400,1,1
2,55966,7,14,218,84,862,403,1,1
3,50236,10,3,998,29,312,404,1,1
3,43996,21,14,108,84,828,403,1,1
3,47158,21,14,478,29,0,400,1,1
3,34066,11,4,799,17,980,400,1,1
3,50126,11,4,803,19,0,302,1,1
2,37958,6,13,288,84,168,404,1,1
2,40858,10,3,890,84,2264,403,1,1
3,58632,9,2,454,56,301,400,1,1
3,34890,11,4,751,2,980,400,1,1
3,33220,6,13,521,70,0,403,1,1
2,54236,9,2,175,84,1290,403,1,1
3,45798,10,3,945,84,1386,403,1,1
2,46952,6,13,278,84,168,404,1,1
2,54206,11,4,683,84,1248,403,1,1
2,40260,11,4,611,9,980,400,1,1
3,46830,7,14,341,84,949,403,1,1
2,57150,9,2,314,84,1333,403,1,1
0,34263,2,8,602,15,471,200,0,1
1,50058,8,1,831,5,1806,200,0,-1
1,50058,8,1,831,16,1806,200,0,-1
1,50060,8,1,832,16,3602,200,0,-1
1,50061,8,1,831,5,1806,200,0,-1
1,50062,8,1,832,16,3602,200,0,-1
1,50061,8,1,831,16,0,206,0,-1
1,50118,5,11,825,15,502,200,0,1
1,50120,13,0,605,15,2,206,0,1
4,50121,18,0,605,15,2,206,0,1
1,50120,13,0,605,15,195243,206,0,-1
4,50122,17,6,605,15,2,206,0,1
4,50123,16,6,605,15,2,206,0,1
4,50122,17,6,605,15,0,206,0,1
4,50123,16,6,605,15,1048576,206,0,-1
4,50123,16,6,605,15,0,206,0,1
4,50131,19,8,605,15,2,206,0,1
4,50128,19,8,601,15,2,206,0,1
1,50129,1,8,601,15,2,206,0,1
1,50130,0,8,605,15,2,206,0,1
1,50129,1,8,601,15,0,206,0,1
1,50130,0,8,605,15,728216,206,0,1
1,50130,0,8,605,15,0,206,0,1
4,50131,19,8,605,15,1048576,206,0,-1
4,50121,18,0,605,15,0,206,0,1
4,50131,19,8,605,15,0,206,0,1
4,50131,19,8,605,15,0,206,0,1
4,50128,19,8,601,15,0,206,0,1
4,50142,17,6,606,15,2,206,0,1
4,50143,16,6,606,15,2,206,0,1
4,50142,17,6,606,15,695100,206,0,-1
1,50145,1,8,606,15,2,206,0,1
1,50146,0,8,606,15,2,206,0,1
1,50150,0,6,602,15,2,206,0,1
1,50151,1,6,602,15,2,206,0,1
4,50152,19,8,602,15,2,206,0,1
1,50153,1,8,602,15,2,206,0,1
4,50152,19,8,602,15,1048576,206,0,1
4,50157,19,7,603,15,2,206,0,1
1,50158,3,7,603,15,2,206,0,1
1,50141,5,11,826,15,0,206,0,1
1,50145,1,8,606,15,1048576,206,0,1
4,50143,16,6,606,15,0,206,0,1
1,50149,5,11,823,15,0,206,0,1
1,50150,0,6,602,15,1039,206,0,1
1,50151,1,6,602,15,0,206,0,1
1,50156,4,11,824,15,0,206,0,1
4,50157,19,7,603,15,0,206,0,1
4,50157,19,7,603,15,0,206,0,1
4,50157,19,7,603,15,0,206,0,1
4,50157,19,7,603,15,0,206,0,1
4,50157,19,7,603,15,0,206,0,1
4,50157,19,7,603,15,0,206,0,1
4,50157,19,7,603,15,0,206,0,1
4,50157,19,7,603,15,0,206,0,1
4,50157,19,7,603,15,0,206,0,1
4,50157,19,7,603,15,0,206,0,1
4,50157,19,7,603,15,0,206,0,1
4,50157,19,7,603,15,0,206,0,1
4,50157,19,7,603,15,0,206,0,1
4,50157,19,7,603,15,0,206,0,1
4,50157,19,7,603,15,0,206,0,1
4,50157,19,7,603,15,0,206,0,1
4,50157,19,7,603,15,0,206,0,1
4,50157,19,7,603,15,0,206,0,1
4,50157,19,7,603,15,0,206,0,1
4,50157,19,7,603,15,0,206,0,1
4,50157,19,7,603,15,0,206,0,1
4,50157,19,7,603,15,0,206,0,1
4,50157,19,7,603,15,0,206,0,1
4,50157,19,7,603,15,0,206,0,1
4,50157,19,7,603,15,0,206,0,1
4,50157,19,7,603,15,0,206,0,1
4,50157,19,7,603,15,0,206,0,1
4,50157,19,7,603,15,0,206,0,1
4,50157,19,7,603,15,0,206,0,1
4,50157,19,7,603,15,0,206,0,1
4,50157,19,7,603,15,0,206,0,1
4,50157,19,7,603,15,0,206,0,1
4,50157,19,7,603,15,0,206,0,1
4,50157,19,7,603,15,0,206,0,1
4,50157,19,7,603,15,0,206,0,1
4,50157,19,7,603,15,0,206,0,1
4,50157,19,7,603,15,0,206,0,1
4,50157,19,7,603,15,0,206,0,1
4,50157,19,7,603,15,0,206,0,1
4,50157,19,7,603,15,0,206,0,1
4,50157,19,7,603,15,0,206,0,1
4,50157,19,7,603,15,0,206,0,1
4,50157,19,7,603,15,0,206,0,1
4,50157,19,7,603,15,0,206,0,1
4,50157,19,7,603,15,0,206,0,1
4,50157,19,7,603,15,0,206,0,1
4,50157,19,7,603,15,0,206,0,1
4,50157,19,7,603,15,0,206,0,1
4,50157,19,7,603,15,0,206,0,1
4,50157,19,7,603,15,0,206,0,1
4,50157,19,7,603,15,0,206,0,1
4,50157,19,7,603,15,0,206,0,1
4,50157,19,7,603,15,0,206,0,1
4,50157,19,7,603,15,0,206,0,1
4,50157,19,7,603,15,0,206,0,1
4,50157,19,7,603,15,0,206,0,1
4,50157,19,7,603,15,0,206,0,1
4,50157,19,7,603,15,0,206,0,1
4,50157,19,7,603,15,0,206,0,1
4,50157,19,7,603,15,0,206,0,1
4,50157,19,7,603,15,0,206,0,1
4,50157,19,7,603,15,0,206,0,1
4,50157,19,7,603,15,0,206,0,1
4,50157,19,7,603,15,0,206,0,1
4,50157,19,7,603,15,0,206,0,1
4,50157,19,7,603,15,0,206,0,1
4,50157,19,7,603,15,0,206,0,1
4,50157,19,7,603,15,0,206,0,1
4,50157,19,7,603,15,0,206,0,1
4,50157,19,7,603,15,0,206,0,1
4,50157,19,7,603,15,0,206,0,1
4,50157,19,7,603,15,0,206,0,1
4,50157,19,7,603,15,0,206,0,1
4,50157,19,7,603,15,0,206,0,1
4,50157,19,7,603,15,0,206,0,1
4,50157,19,7,603,15,0,206,0,1
4,50157,19,7,603,15,0,206,0,1
4,50157,19,7,603,15,0,206,0,1
4,50157,19,7,603,15,0,206,0,1
4,50157,19,7,603,15,0,206,0,1
4,50157,19,7,603,15,0,206,0,1
4,50157,19,7,603,15,0,206,0,1
4,50157,19,7,603,15,0,206,0,1
4,50157,19,7,603,15,0,206,0,1
4,50157,19,7,603,15,0,206,0,1
4,50157,19,7,603,15,0,206,0,1
4,50157,19,7,603,15,0,206,0,1
4,50157,19,7,603,15,0,206,0,1
4,50157,19,7,603,15,0,206,0,1
4,50157,19,7,603,15,0,206,0,1
4,50157,19,7,603,15,0,206,0,1
4,50157,19,7,603,15,0,206,0,1
4,50157,19,7,603,15,0,206,0,1
4,50157,19,7,603,15,0,206,0,1
4,50157,19,7,603,15,0,206,0,1
4,50157,19,7,603,15,0,206,0,1
4,50157,19,7,603,15,0,206,0,1
4,50157,19,7,603,15,0,206,0,1
4,50157,19,7,603,15,0,206,0,1
4,50157,19,7,603,15,0,206,0,1
4,50157,19,7,603,15,0,206,0,1
4,50157,19,7,603,15,0,206,0,1
4,50157,19,7,603,15,0,206,0,1
4,50157,19,7,603,15,0,206,0,1
4,50157,19,7,603,15,0,206,0,1
4,50157,19,7,603,15,0,206,0,1
4,50157,19,7,603,15,0,206,0,1
4,50157,19,7,603,15,0,206,0,1
4,50157,19,7,603,15,0,206,0,1
4,50157,19,7,603,15,0,206,0,1
4,50157,19,7,603,15,0,206,0,1
4,50157,19,7,603,15,0,206,0,1
4,50157,19,7,603,15,0,206,0,1
4,50157,19,7,603,15,0,206,0,1
4,50157,19,7,603,15,0,206,0,1
4,50157,19,7,603,15,0,206,0,1
4,50157,19,7,603,15,0,206,0,1
4,50157,19,7,603,15,0,206,0,1
1,50158,3,7,603,15,0,206,0,1
1,50158,3,7,603,15,0,206,0,1
1,50158,3,7,603,15,0,206,0,1
1,50158,3,7,603,15,0,206,0,1
1,50158,3,7,603,15,0,206,0,1
1,50158,3,7,603,15,0,206,0,1
1,50158,3,7,603,15,0,206,0,1
1,50158,3,7,603,15,0,206,0,1
1,50158,3,7,603,15,0,206,0,1
1,50158,3,7,603,15,0,206,0,1
1,50158,3,7,603,15,0,206,0,1
1,50158,3,7,603,15,0,206,0,1
1,50158,3,7,603,15,0,206,0,1
1,50158,3,7,603,15,0,206,0,1
1,50158,3,7,603,15,0,206,0,1
1,50158,3,7,603,15,0,206,0,1
1,50158,3,7,603,15,0,206,0,1
1,50158,3,7,603,15,0,206,0,1
1,50158,3,7,603,15,0,206,0,1
1,50158,3,7,603,15,0,206,0,1
1,50158,3,7,603,15,0,206,0,1
1,50158,3,7,603,15,0,206,0,1
1,50158,3,7,603,15,0,206,0,1
1,50158,3,7,603,15,0,206,0,1
1,50158,3,7,603,15,0,206,0,1
1,50158,3,7,603,15,0,206,0,1
1,50158,3,7,603,15,0,206,0,1
1,50158,3,7,603,15,0,206,0,1
1,50158,3,7,603,15,0,206,0,1
1,50158,3,7,603,15,0,206,0,1
1,50158,3,7,603,15,0,206,0,1
1,50158,3,7,603,15,0,206,0,1
1,50158,3,7,603,15,0,206,0,1
1,50158,3,7,603,15,0,206,0,1
1,50158,3,7,603,15,0,206,0,1
1,50158,3,7,603,15,0,206,0,1
1,50158,3,7,603,15,0,206,0,1
1,50158,3,7,603,15,0,206,0,1
1,50158,3,7,603,15,0,206,0,1
1,50158,3,7,603,15,0,206,0,1
1,50158,3,7,603,15,0,206,0,1
1,50158,3,7,603,15,0,206,0,1
1,50158,3,7,603,15,0,206,0,1
1,50158,3,7,603,15,0,206,0,1
1,50158,3,7,603,15,0,206,0,1
1,50158,3,7,603,15,0,206,0,1
1,50158,3,7,603,15,0,206,0,1
1,50158,3,7,603,15,0,206,0,1
1,50158,3,7,603,15,0,206,0,1
1,50158,3,7,603,15,0,206,0,1
1,50158,3,7,603,15,0,206,0,1
1,50158,3,7,603,15,0,206,0,1
1,50158,3,7,603,15,0,206,0,1
1,50158,3,7,603,15,0,206,0,1
1,50158,3,7,603,15,0,206,0,1
1,50158,3,7,603,15,0,206,0,1
1,50158,3,7,603,15,0,206,0,1
1,50158,3,7,603,15,0,206,0,1
1,50158,3,7,603,15,0,206,0,1
1,50158,3,7,603,15,0,206,0,1
1,50158,3,7,603,15,0,206,0,1
1,50158,3,7,603,15,0,206,0,1
1,50158,3,7,603,15,0,206,0,1
1,50158,3,7,603,15,0,206,0,1
1,50158,3,7,603,15,0,206,0,1
1,50158,3,7,603,15,0,206,0,1
1,50158,3,7,603,15,0,206,0,1
1,50158,3,7,603,15,0,206,0,1
1,50158,3,7,603,15,0,206,0,1
1,50158,3,7,603,15,0,206,0,1
1,50158,3,7,603,15,0,206,0,1
1,50158,3,7,603,15,0,206,0,1
1,50158,3,7,603,15,0,206,0,1
1,50158,3,7,603,15,0,206,0,1
1,50158,3,7,603,15,0,206,0,1
1,50158,3,7,603,15,0,206,0,1
1,50158,3,7,603,15,0,206,0,1
1,50158,3,7,603,15,0,206,0,1
1,50158,3,7,603,15,0,206,0,1
1,50158,3,7,603,15,0,206,0,1
1,50158,3,7,603,15,0,206,0,1
1,50158,3,7,603,15,0,206,0,1
1,50158,3,7,603,15,0,206,0,1
1,50158,3,7,603,15,0,206,0,1
1,50158,3,7,603,15,0,206,0,1
1,50158,3,7,603,15,0,206,0,1
1,50158,3,7,603,15,0,206,0,1
1,50158,3,7,603,15,0,206,0,1
1,50158,3,7,603,15,0,206,0,1
1,50158,3,7,603,15,0,206,0,1
1,50158,3,7,603,15,0,206,0,1
1,50158,3,7,603,15,0,206,0,1
1,50158,3,7,603,15,0,206,0,1
1,50158,3,7,603,15,0,206,0,1
1,50158,3,7,603,15,0,206,0,1
1,50158,3,7,603,15,0,206,0,1
1,50158,3,7,603,15,0,206,0,1
1,50158,3,7,603,15,0,206,0,1
1,50158,3,7,603,15,0,206,0,1
1,50158,3,7,603,15,0,206,0,1
1,50158,3,7,603,15,0,206,0,1
1,50158,3,7,603,15,0,206,0,1
1,50158,3,7,603,15,0,206,0,1
1,50158,3,7,603,15,0,206,0,1
1,50158,3,7,603,15,0,206,0,1
1,50158,3,7,603,15,0,206,0,1
1,50158,3,7,603,15,0,206,0,1
1,50158,3,7,603,15,0,206,0,1
1,50158,3,7,603,15,0,206,0,1
1,50158,3,7,603,15,0,206,0,1
1,50158,3,7,603,15,0,206,0,1
1,50158,3,7,603,15,0,206,0,1
1,50158,3,7,603,15,0,206,0,1
1,50145,1,8,606,15,0,206,0,1
1,50145,1,8,606,15,0,206,0,1
1,50145,1,8,606,15,0,206,0,1
1,50145,1,8,606,15,0,206,0,1
1,50145,1,8,606,15,0,206,0,1
1,50145,1,8,606,15,0,206,0,1
1,50145,1,8,606,15,0,206,0,1
1,50145,1,8,606,15,0,206,0,1
1,50145,1,8,606,15,0,206,0,1
1,50145,1,8,606,15,0,206,0,1
1,50145,1,8,606,15,0,206,0,1
1,50145,1,8,606,15,0,206,0,1
1,50145,1,8,606,15,0,206,0,1
1,50145,1,8,606,15,0,206,0,1
1,50145,1,8,606,15,0,206,0,1
1,50145,1,8,606,15,0,206,0,1
1,50145,1,8,606,15,0,206,0,1
1,50145,1,8,606,15,0,206,0,1
1,50145,1,8,606,15,0,206,0,1
1,50145,1,8,606,15,0,206,0,1
1,50145,1,8,606,15,0,206,0,1
1,50145,1,8,606,15,0,206,0,1
1,50145,1,8,606,15,0,206,0,1
1,50145,1,8,606,15,0,206,0,1
1,50145,1,8,606,15,0,206,0,1
1,50145,1,8,606,15,0,206,0,1
1,50145,1,8,606,15,0,206,0,1
1,50145,1,8,606,15,0,206,0,1
1,50145,1,8,606,15,0,206,0,1
1,50145,1,8,606,15,0,206,0,1
1,50145,1,8,606,15,0,206,0,1
1,50145,1,8,606,15,0,206,0,1
1,50145,1,8,606,15,0,206,0,1
1,50145,1,8,606,15,0,206,0,1
1,50145,1,8,606,15,0,206,0,1
1,50145,1,8,606,15,0,206,0,1
1,50145,1,8,606,15,0,206,0,1
1,50145,1,8,606,15,0,206,0,1
1,50145,1,8,606,15,0,206,0,1
1,50145,1,8,606,15,0,206,0,1
1,50145,1,8,606,15,0,206,0,1
1,50145,1,8,606,15,0,206,0,1
1,50145,1,8,606,15,0,206,0,1
1,50145,1,8,606,15,0,206,0,1
1,50145,1,8,606,15,0,206,0,1
1,50145,1,8,606,15,0,206,0,1
1,50145,1,8,606,15,0,206,0,1
1,50145,1,8,606,15,0,206,0,1
1,50145,1,8,606,15,0,206,0,1
1,50145,1,8,606,15,0,206,0,1
1,50145,1,8,606,15,0,206,0,1
1,50145,1,8,606,15,0,206,0,1
1,50145,1,8,606,15,0,206,0,1
1,50145,1,8,606,15,0,206,0,1
1,50145,1,8,606,15,0,206,0,1
1,50145,1,8,606,15,0,206,0,1
1,50145,1,8,606,15,0,206,0,1
1,50145,1,8,606,15,0,206,0,1
1,50145,1,8,606,15,0,206,0,1
1,50145,1,8,606,15,0,206,0,1
1,50145,1,8,606,15,0,206,0,1
1,50145,1,8,606,15,0,206,0,1
1,50145,1,8,606,15,0,206,0,1
1,50145,1,8,606,15,0,206,0,1
1,50145,1,8,606,15,0,206,0,1
1,50145,1,8,606,15,0,206,0,1
1,50145,1,8,606,15,0,206,0,1
1,50145,1,8,606,15,0,206,0,1
1,50145,1,8,606,15,0,206,0,1
1,50145,1,8,606,15,0,206,0,1
1,50145,1,8,606,15,0,206,0,1
1,50145,1,8,606,15,0,206,0,1
1,50145,1,8,606,15,0,206,0,1
1,50145,1,8,606,15,0,206,0,1
1,50145,1,8,606,15,0,206,0,1
1,50145,1,8,606,15,0,206,0,1
1,50145,1,8,606,15,0,206,0,1
1,50145,1,8,606,15,0,206,0,1
1,50145,1,8,606,15,0,206,0,1
1,50145,1,8,606,15,0,206,0,1
1,50145,1,8,606,15,0,206,0,1
1,50145,1,8,606,15,0,206,0,1
1,50145,1,8,606,15,0,206,0,1
1,50145,1,8,606,15,0,206,0,1
1,50145,1,8,606,15,0,206,0,1
1,50145,1,8,606,15,0,206,0,1
1,50145,1,8,606,15,0,206,0,1
1,50145,1,8,606,15,0,206,0,1
1,50145,1,8,606,15,0,206,0,1
1,50145,1,8,606,15,0,206,0,1
1,50145,1,8,606,15,0,206,0,1
1,50145,1,8,606,15,0,206,0,1
1,50145,1,8,606,15,0,206,0,1
1,50145,1,8,606,15,0,206,0,1
1,50145,1,8,606,15,0,206,0,1
1,50145,1,8,606,15,0,206,0,1
1,50145,1,8,606,15,0,206,0,1
1,50145,1,8,606,15,0,206,0,1
1,50145,1,8,606,15,0,206,0,1
1,50145,1,8,606,15,0,206,0,1
1,50145,1,8,606,15,0,206,0,1
1,50145,1,8,606,15,0,206,0,1
1,50145,1,8,606,15,0,206,0,1
1,50145,1,8,606,15,0,206,0,1
1,50145,1,8,606,15,0,206,0,1
1,50145,1,8,606,15,0,206,0,1
1,50145,1,8,606,15,0,206,0,1
1,50145,1,8,606,15,0,206,0,1
1,50145,1,8,606,15,0,206,0,1
1,50145,1,8,606,15,0,206,0,1
1,50145,1,8,606,15,0,206,0,1
1,50145,1,8,606,15,0,206,0,1
1,50145,1,8,606,15,0,206,0,1
1,50145,1,8,606,15,0,206,0,1
1,50145,1,8,606,15,0,206,0,1
1,50145,1,8,606,15,0,206,0,1
1,50145,1,8,606,15,0,206,0,1
1,50145,1,8,606,15,0,206,0,1
1,50145,1,8,606,15,0,206,0,1
1,50145,1,8,606,15,0,206,0,1
1,50145,1,8,606,15,0,206,0,1
1,50145,1,8,606,15,0,206,0,1
1,50145,1,8,606,15,0,206,0,1
1,50146,0,8,606,15,0,206,0,1
1,50146,0,8,606,15,0,206,0,1
1,50146,0,8,606,15,0,206,0,1
1,50146,0,8,606,15,0,206,0,1
1,50146,0,8,606,15,0,206,0,1
1,50146,0,8,606,15,0,206,0,1
1,50146,0,8,606,15,0,206,0,1
1,50146,0,8,606,15,0,206,0,1
1,50146,0,8,606,15,0,206,0,1
1,50146,0,8,606,15,0,206,0,1
1,50146,0,8,606,15,0,206,0,1
1,50146,0,8,606,15,0,206,0,1
1,50146,0,8,606,15,0,206,0,1
1,50146,0,8,606,15,0,206,0,1
1,50146,0,8,606,15,0,206,0,1
1,50146,0,8,606,15,0,206,0,1
1,50146,0,8,606,15,0,206,0,1
1,50146,0,8,606,15,0,206,0,1
1,50146,0,8,606,15,0,206,0,1
1,50146,0,8,606,15,0,206,0,1
1,50146,0,8,606,15,0,206,0,1
1,50146,0,8,606,15,0,206,0,1
1,50146,0,8,606,15,0,206,0,1
1,50146,0,8,606,15,0,206,0,1
1,50146,0,8,606,15,0,206,0,1
1,50146,0,8,606,15,0,206,0,1
1,50146,0,8,606,15,0,206,0,1
1,50146,0,8,606,15,0,206,0,1
1,50146,0,8,606,15,0,206,0,1
1,50146,0,8,606,15,0,206,0,1
1,50146,0,8,606,15,0,206,0,1
1,50146,0,8,606,15,0,206,0,1
1,50146,0,8,606,15,0,206,0,1
1,50146,0,8,606,15,0,206,0,1
1,50146,0,8,606,15,0,206,0,1
1,50146,0,8,606,15,0,206,0,1
1,50146,0,8,606,15,0,206,0,1
1,50146,0,8,606,15,0,206,0,1
1,50146,0,8,606,15,0,206,0,1
1,50146,0,8,606,15,0,206,0,1
1,50146,0,8,606,15,0,206,0,1
1,50146,0,8,606,15,0,206,0,1
1,50146,0,8,606,15,0,206,0,1
1,50146,0,8,606,15,0,206,0,1
1,50146,0,8,606,15,0,206,0,1
1,50146,0,8,606,15,0,206,0,1
1,50146,0,8,606,15,0,206,0,1
1,50146,0,8,606,15,0,206,0,1
1,50146,0,8,606,15,0,206,0,1
1,50146,0,8,606,15,0,206,0,1
1,50146,0,8,606,15,0,206,0,1
1,50146,0,8,606,15,0,206,0,1
1,50146,0,8,606,15,0,206,0,1
1,50146,0,8,606,15,0,206,0,1
1,50146,0,8,606,15,0,206,0,1
1,50146,0,8,606,15,0,206,0,1
1,50146,0,8,606,15,0,206,0,1
1,50146,0,8,606,15,0,206,0,1
1,50146,0,8,606,15,0,206,0,1
1,50146,0,8,606,15,0,206,0,1
1,50146,0,8,606,15,0,206,0,1
1,50146,0,8,606,15,0,206,0,1
1,50146,0,8,606,15,0,206,0,1
1,50146,0,8,606,15,0,206,0,1
1,50146,0,8,606,15,0,206,0,1
1,50146,0,8,606,15,0,206,0,1
1,50146,0,8,606,15,0,206,0,1
1,50146,0,8,606,15,0,206,0,1
1,50146,0,8,606,15,0,206,0,1
1,50146,0,8,606,15,0,206,0,1
1,50146,0,8,606,15,0,206,0,1
1,50146,0,8,606,15,0,206,0,1
1,50146,0,8,606,15,0,206,0,1
1,50146,0,8,606,15,0,206,0,1
1,50146,0,8,606,15,0,206,0,1
1,50146,0,8,606,15,0,206,0,1
1,50146,0,8,606,15,0,206,0,1
1,50146,0,8,606,15,0,206,0,1
1,50146,0,8,606,15,0,206,0,1
1,50146,0,8,606,15,0,206,0,1
1,50146,0,8,606,15,0,206,0,1
1,50146,0,8,606,15,0,206,0,1
1,50146,0,8,606,15,0,206,0,1
1,50146,0,8,606,15,0,206,0,1
1,50146,0,8,606,15,0,206,0,1
1,50146,0,8,606,15,0,206,0,1
1,50146,0,8,606,15,0,206,0,1
1,50146,0,8,606,15,0,206,0,1
1,50146,0,8,606,15,0,206,0,1
1,50146,0,8,606,15,0,206,0,1
1,50146,0,8,606,15,0,206,0,1
1,50146,0,8,606,15,0,206,0,1
1,50146,0,8,606,15,0,206,0,1
1,50146,0,8,606,15,0,206,0,1
1,50146,0,8,606,15,0,206,0,1
1,50146,0,8,606,15,0,206,0,1
1,50146,0,8,606,15,0,206,0,1
1,50146,0,8,606,15,0,206,0,1
1,50146,0,8,606,15,0,206,0,1
1,50146,0,8,606,15,0,206,0,1
1,50146,0,8,606,15,0,206,0,1
1,50146,0,8,606,15,0,206,0,1
1,50146,0,8,606,15,0,206,0,1
1,50146,0,8,606,15,0,206,0,1
1,50146,0,8,606,15,0,206,0,1
1,50146,0,8,606,15,0,206,0,1
1,50146,0,8,606,15,0,206,0,1
1,50146,0,8,606,15,0,206,0,1
1,50146,0,8,606,15,0,206,0,1
1,50146,0,8,606,15,0,206,0,1
1,50146,0,8,606,15,0,206,0,1
1,50146,0,8,606,15,0,206,0,1
1,50146,0,8,606,15,0,206,0,1
1,50146,0,8,606,15,0,206,0,1
1,50146,0,8,606,15,0,206,0,1
1,50146,0,8,606,15,0,206,0,1
1,50146,0,8,606,15,0,206,0,1
1,50146,0,8,606,15,0,206,0,1
1,50146,0,8,606,15,0,206,0,1
1,50146,0,8,606,15,0,206,0,1
1,50146,0,8,606,15,0,206,0,1
1,50146,0,8,606,15,0,206,0,1
1,50146,0,8,606,15,0,206,0,1
1,50146,0,8,606,15,0,206,0,1
1,50146,0,8,606,15,0,206,0,1
1,50146,0,8,606,15,0,206,0,1
1,50146,0,8,606,15,0,206,0,1
4,50152,19,8,602,15,0,206,0,1
4,50152,19,8,602,15,0,206,0,1
4,50152,19,8,602,15,0,206,0,1
4,50152,19,8,602,15,0,206,0,1
4,50152,19,8,602,15,0,206,0,1
4,50152,19,8,602,15,0,206,0,1
4,50152,19,8,602,15,0,206,0,1
4,50152,19,8,602,15,0,206,0,1
4,50152,19,8,602,15,0,206,0,1
4,50152,19,8,602,15,0,206,0,1
4,50152,19,8,602,15,0,206,0,1
4,50152,19,8,602,15,0,206,0,1
4,50152,19,8,602,15,0,206,0,1
4,50152,19,8,602,15,0,206,0,1
4,50152,19,8,602,15,0,206,0,1
4,50152,19,8,602,15,0,206,0,1
4,50152,19,8,602,15,0,206,0,1
4,50152,19,8,602,15,0,206,0,1
4,50152,19,8,602,15,0,206,0,1
4,50152,19,8,602,15,0,206,0,1
4,50152,19,8,602,15,0,206,0,1
4,50152,19,8,602,15,0,206,0,1
4,50152,19,8,602,15,0,206,0,1
4,50152,19,8,602,15,0,206,0,1
4,50152,19,8,602,15,0,206,0,1
4,50152,19,8,602,15,0,206,0,1
4,50152,19,8,602,15,0,206,0,1
4,50152,19,8,602,15,0,206,0,1
4,50152,19,8,602,15,0,206,0,1
4,50152,19,8,602,15,0,206,0,1
4,50152,19,8,602,15,0,206,0,1
4,50152,19,8,602,15,0,206,0,1
4,50152,19,8,602,15,0,206,0,1
4,50152,19,8,602,15,0,206,0,1
4,50152,19,8,602,15,0,206,0,1
4,50152,19,8,602,15,0,206,0,1
4,50152,19,8,602,15,0,206,0,1
4,50152,19,8,602,15,0,206,0,1
4,50152,19,8,602,15,0,206,0,1
4,50152,19,8,602,15,0,206,0,1
4,50152,19,8,602,15,0,206,0,1
4,50152,19,8,602,15,0,206,0,1
4,50152,19,8,602,15,0,206,0,1
4,50152,19,8,602,15,0,206,0,1
4,50152,19,8,602,15,0,206,0,1
4,50152,19,8,602,15,0,206,0,1
4,50152,19,8,602,15,0,206,0,1
4,50152,19,8,602,15,0,206,0,1
4,50152,19,8,602,15,0,206,0,1
4,50152,19,8,602,15,0,206,0,1
4,50152,19,8,602,15,0,206,0,1
4,50152,19,8,602,15,0,206,0,1
4,50152,19,8,602,15,0,206,0,1
4,50152,19,8,602,15,0,206,0,1
4,50152,19,8,602,15,0,206,0,1
4,50152,19,8,602,15,0,206,0,1
4,50152,19,8,602,15,0,206,0,1
4,50152,19,8,602,15,0,206,0,1
4,50152,19,8,602,15,0,206,0,1
4,50152,19,8,602,15,0,206,0,1
4,50152,19,8,602,15,0,206,0,1
4,50152,19,8,602,15,0,206,0,1
4,50152,19,8,602,15,0,206,0,1
4,50152,19,8,602,15,0,206,0,1
4,50152,19,8,602,15,0,206,0,1
4,50152,19,8,602,15,0,206,0,1
4,50152,19,8,602,15,0,206,0,1
4,50152,19,8,602,15,0,206,0,1
4,50152,19,8,602,15,0,206,0,1
4,50152,19,8,602,15,0,206,0,1
4,50152,19,8,602,15,0,206,0,1
4,50152,19,8,602,15,0,206,0,1
4,50152,19,8,602,15,0,206,0,1
4,50152,19,8,602,15,0,206,0,1
4,50152,19,8,602,15,0,206,0,1
4,50152,19,8,602,15,0,206,0,1
4,50152,19,8,602,15,0,206,0,1
4,50152,19,8,602,15,0,206,0,1
4,50152,19,8,602,15,0,206,0,1
4,50152,19,8,602,15,0,206,0,1
4,50152,19,8,602,15,0,206,0,1
4,50152,19,8,602,15,0,206,0,1
4,50152,19,8,602,15,0,206,0,1
4,50152,19,8,602,15,0,206,0,1
4,50152,19,8,602,15,0,206,0,1
4,50152,19,8,602,15,0,206,0,1
4,50152,19,8,602,15,0,206,0,1
4,50152,19,8,602,15,0,206,0,1
4,50152,19,8,602,15,0,206,0,1
4,50152,19,8,602,15,0,206,0,1
4,50152,19,8,602,15,0,206,0,1
4,50152,19,8,602,15,0,206,0,1
4,50152,19,8,602,15,0,206,0,1
4,50152,19,8,602,15,0,206,0,1
4,50152,19,8,602,15,0,206,0,1
4,50152,19,8,602,15,0,206,0,1
4,50152,19,8,602,15,0,206,0,1
4,50152,19,8,602,15,0,206,0,1
4,50152,19,8,602,15,0,206,0,1
4,50152,19,8,602,15,0,206,0,1
4,50152,19,8,602,15,0,206,0,1
4,50152,19,8,602,15,0,206,0,1
4,50152,19,8,602,15,0,206,0,1
4,50152,19,8,602,15,0,206,0,1
4,50152,19,8,602,15,0,206,0,1
4,50152,19,8,602,15,0,206,0,1
4,50152,19,8,602,15,0,206,0,1
4,50152,19,8,602,15,0,206,0,1
4,50152,19,8,602,15,0,206,0,1
4,50152,19,8,602,15,0,206,0,1
4,50152,19,8,602,15,0,206,0,1
4,50152,19,8,602,15,0,206,0,1
4,50152,19,8,602,15,0,206,0,1
4,50152,19,8,602,15,0,206,0,1
4,50152,19,8,602,15,0,206,0,1
4,50152,19,8,602,15,0,206,0,1
4,50152,19,8,602,15,0,206,0,1
4,50152,19,8,602,15,0,206,0,1
4,50152,19,8,602,15,0,206,0,1
4,50152,19,8,602,15,0,206,0,1
4,50152,19,8,602,15,0,206,0,1
4,50152,19,8,602,15,0,206,0,1
4,50152,19,8,602,15,0,206,0,1
4,50152,19,8,602,15,0,206,0,1
4,50152,19,8,602,15,0,206,0,1
4,50152,19,8,602,15,0,206,0,1
4,50152,19,8,602,15,0,206,0,1
4,50152,19,8,602,15,0,206,0,1
4,50152,19,8,602,15,0,206,0,1
4,50152,19,8,602,15,0,206,0,1
4,50152,19,8,602,15,0,206,0,1
4,50152,19,8,602,15,0,206,0,1
4,50152,19,8,602,15,0,206,0,1
4,50152,19,8,602,15,0,206,0,1
4,50152,19,8,602,15,0,206,0,1
4,50152,19,8,602,15,0,206,0,1
4,50152,19,8,602,15,0,206,0,1
4,50152,19,8,602,15,0,206,0,1
4,50152,19,8,602,15,0,206,0,1
4,50152,19,8,602,15,0,206,0,1
4,50152,19,8,602,15,0,206,0,1
4,50152,19,8,602,15,0,206,0,1
4,50152,19,8,602,15,0,206,0,1
4,50152,19,8,602,15,0,206,0,1
4,50152,19,8,602,15,0,206,0,1
4,50152,19,8,602,15,0,206,0,1
4,50152,19,8,602,15,0,206,0,1
4,50152,19,8,602,15,0,206,0,1
4,50152,19,8,602,15,0,206,0,1
4,50152,19,8,602,15,0,206,0,1
4,50152,19,8,602,15,0,206,0,1
4,50152,19,8,602,15,0,206,0,1
4,50152,19,8,602,15,0,206,0,1
4,50152,19,8,602,15,0,206,0,1
4,50152,19,8,602,15,0,206,0,1
4,50152,19,8,602,15,0,206,0,1
4,50152,19,8,602,15,0,206,0,1
4,50152,19,8,602,15,0,206,0,1
4,50152,19,8,602,15,0,206,0,1
4,50152,19,8,602,15,0,206,0,1
4,50152,19,8,602,15,0,206,0,1
4,50152,19,8,602,15,0,206,0,1
4,50152,19,8,602,15,0,206,0,1
4,50152,19,8,602,15,0,206,0,1
4,50152,19,8,602,15,0,206,0,1
4,50152,19,8,602,15,0,206,0,1
4,50152,19,8,602,15,0,206,0,1
4,50152,19,8,602,15,0,206,0,1
4,50152,19,8,602,15,0,206,0,1
4,50152,19,8,602,15,0,206,0,1
4,50152,19,8,602,15,0,206,0,1
4,50152,19,8,602,15,0,206,0,1
4,50152,19,8,602,15,0,206,0,1
4,50152,19,8,602,15,0,206,0,1
4,50152,19,8,602,15,0,206,0,1
4,50152,19,8,602,15,0,206,0,1
4,50152,19,8,602,15,0,206,0,1
4,50152,19,8,602,15,0,206,0,1
4,50152,19,8,602,15,0,206,0,1
4,50152,19,8,602,15,0,206,0,1
4,50152,19,8,602,15,0,206,0,1
4,50152,19,8,602,15,0,206,0,1
4,50152,19,8,602,15,0,206,0,1
4,50152,19,8,602,15,0,206,0,1
4,50152,19,8,602,15,0,206,0,1
4,50152,19,8,602,15,0,206,0,1
4,50152,19,8,602,15,0,206,0,1
4,50152,19,8,602,15,0,206,0,1
4,50152,19,8,602,15,0,206,0,1
4,50152,19,8,602,15,0,206,0,1
4,50152,19,8,602,15,0,206,0,1
4,50152,19,8,602,15,0,206,0,1
4,50152,19,8,602,15,0,206,0,1
4,50152,19,8,602,15,0,206,0,1
4,50152,19,8,602,15,0,206,0,1
4,50152,19,8,602,15,0,206,0,1
4,50152,19,8,602,15,0,206,0,1
4,50152,19,8,602,15,0,206,0,1
4,50152,19,8,602,15,0,206,0,1
4,50152,19,8,602,15,0,206,0,1
4,50152,19,8,602,15,0,206,0,1
4,50152,19,8,602,15,0,206,0,1
4,50152,19,8,602,15,0,206,0,1
4,50152,19,8,602,15,0,206,0,1
4,50152,19,8,602,15,0,206,0,1
4,50152,19,8,602,15,0,206,0,1
4,50152,19,8,602,15,0,206,0,1
4,50152,19,8,602,15,0,206,0,1
4,50152,19,8,602,15,0,206,0,1
4,50152,19,8,602,15,0,206,0,1
4,50152,19,8,602,15,0,206,0,1
4,50152,19,8,602,15,0,206,0,1
4,50152,19,8,602,15,0,206,0,1
4,50152,19,8,602,15,0,206,0,1
4,50152,19,8,602,15,0,206,0,1
4,50152,19,8,602,15,0,206,0,1
4,50152,19,8,602,15,0,206,0,1
4,50152,19,8,602,15,0,206,0,1
4,50152,19,8,602,15,0,206,0,1
4,50152,19,8,602,15,0,206,0,1
4,50152,19,8,602,15,0,206,0,1
4,50152,19,8,602,15,0,206,0,1
4,50152,19,8,602,15,0,206,0,1
4,50152,19,8,602,15,0,206,0,1
4,50152,19,8,602,15,0,206,0,1
4,50152,19,8,602,15,0,206,0,1
4,50152,19,8,602,15,0,206,0,1
4,50152,19,8,602,15,0,206,0,1
4,50152,19,8,602,15,0,206,0,1
4,50152,19,8,602,15,0,206,0,1
4,50152,19,8,602,15,0,206,0,1
4,50152,19,8,602,15,0,206,0,1
4,50152,19,8,602,15,0,206,0,1
4,50152,19,8,602,15,0,206,0,1
4,50152,19,8,602,15,0,206,0,1
4,50152,19,8,602,15,0,206,0,1
4,50152,19,8,602,15,0,206,0,1
4,50152,19,8,602,15,0,206,0,1
4,50152,19,8,602,15,0,206,0,1
4,50152,19,8,602,15,0,206,0,1
4,50152,19,8,602,15,0,206,0,1
4,50152,19,8,602,15,0,206,0,1
4,50152,19,8,602,15,0,206,0,1
4,50152,19,8,602,15,0,206,0,1
4,50152,19,8,602,15,0,206,0,1
4,50152,19,8,602,15,0,206,0,1
4,50152,19,8,602,15,0,206,0,1
4,50152,19,8,602,15,0,206,0,1
4,50152,19,8,602,15,0,206,0,1
4,50152,19,8,602,15,0,206,0,1
4,50152,19,8,602,15,0,206,0,1
4,50152,19,8,602,15,0,206,0,1
4,50152,19,8,602,15,0,206,0,1
4,50152,19,8,602,15,0,206,0,1
4,50152,19,8,602,15,0,206,0,1
4,50152,19,8,602,15,0,206,0,1
4,50152,19,8,602,15,0,206,0,1
4,50152,19,8,602,15,0,206,0,1
4,50152,19,8,602,15,0,206,0,1
4,50152,19,8,602,15,0,206,0,1
4,50152,19,8,602,15,0,206,0,1
4,50152,19,8,602,15,0,206,0,1
4,50152,19,8,602,15,0,206,0,1
4,50152,19,8,602,15,0,206,0,1
1,50153,1,8,602,15,0,206,0,1
1,50153,1,8,602,15,0,206,0,1
1,50153,1,8,602,15,0,206,0,1
1,50153,1,8,602,15,0,206,0,1
1,50153,1,8,602,15,0,206,0,1
1,50153,1,8,602,15,0,206,0,1
1,50153,1,8,602,15,0,206,0,1
1,50153,1,8,602,15,0,206,0,1
1,50153,1,8,602,15,0,206,0,1
1,50153,1,8,602,15,0,206,0,1
1,50153,1,8,602,15,0,206,0,1
1,50153,1,8,602,15,0,206,0,1
1,50153,1,8,602,15,0,206,0,1
1,50153,1,8,602,15,0,206,0,1
1,50153,1,8,602,15,0,206,0,1
1,50153,1,8,602,15,0,206,0,1
1,50153,1,8,602,15,0,206,0,1
1,50153,1,8,602,15,0,206,0,1
1,50153,1,8,602,15,0,206,0,1
1,50153,1,8,602,15,0,206,0,1
1,50153,1,8,602,15,0,206,0,1
1,50153,1,8,602,15,0,206,0,1
1,50153,1,8,602,15,0,206,0,1
1,50153,1,8,602,15,0,206,0,1
1,50153,1,8,602,15,0,206,0,1
1,50153,1,8,602,15,0,206,0,1
1,50153,1,8,602,15,0,206,0,1
1,50153,1,8,602,15,0,206,0,1
1,50153,1,8,602,15,0,206,0,1
1,50153,1,8,602,15,0,206,0,1
1,50153,1,8,602,15,0,206,0,1
1,50153,1,8,602,15,0,206,0,1
1,50153,1,8,602,15,0,206,0,1
1,50153,1,8,602,15,0,206,0,1
1,50153,1,8,602,15,0,206,0,1
1,50153,1,8,602,15,0,206,0,1
1,50153,1,8,602,15,0,206,0,1
1,50153,1,8,602,15,0,206,0,1
1,50153,1,8,602,15,0,206,0,1
1,50153,1,8,602,15,0,206,0,1
1,50153,1,8,602,15,0,206,0,1
1,50153,1,8,602,15,0,206,0,1
1,50153,1,8,602,15,0,206,0,1
1,50153,1,8,602,15,0,206,0,1
1,50153,1,8,602,15,0,206,0,1
1,50153,1,8,602,15,0,206,0,1
1,50153,1,8,602,15,0,206,0,1
1,50153,1,8,602,15,0,206,0,1
1,50153,1,8,602,15,0,206,0,1
1,50153,1,8,602,15,0,206,0,1
1,50153,1,8,602,15,0,206,0,1
1,50153,1,8,602,15,0,206,0,1
1,50153,1,8,602,15,0,206,0,1
1,50153,1,8,602,15,0,206,0,1
1,50153,1,8,602,15,0,206,0,1
1,50153,1,8,602,15,0,206,0,1
1,50153,1,8,602,15,0,206,0,1
1,50153,1,8,602,15,0,206,0,1
1,50153,1,8,602,15,0,206,0,1
1,50153,1,8,602,15,0,206,0,1
1,50153,1,8,602,15,0,206,0,1
1,50153,1,8,602,15,0,206,0,1
1,50153,1,8,602,15,0,206,0,1
1,50153,1,8,602,15,0,206,0,1
1,50153,1,8,602,15,0,206,0,1
1,50153,1,8,602,15,0,206,0,1
1,50153,1,8,602,15,0,206,0,1
1,50153,1,8,602,15,0,206,0,1
1,50153,1,8,602,15,0,206,0,1
1,50153,1,8,602,15,0,206,0,1
1,50153,1,8,602,15,0,206,0,1
1,50153,1,8,602,15,0,206,0,1
1,50153,1,8,602,15,0,206,0,1
1,50153,1,8,602,15,0,206,0,1
1,50153,1,8,602,15,0,206,0,1
1,50153,1,8,602,15,0,206,0,1
1,50153,1,8,602,15,0,206,0,1
1,50153,1,8,602,15,0,206,0,1
1,50153,1,8,602,15,0,206,0,1
1,50153,1,8,602,15,0,206,0,1
1,50153,1,8,602,15,0,206,0,1
1,50153,1,8,602,15,0,206,0,1
1,50153,1,8,602,15,0,206,0,1
1,50153,1,8,602,15,0,206,0,1
1,50153,1,8,602,15,0,206,0,1
1,50153,1,8,602,15,0,206,0,1
1,50153,1,8,602,15,0,206,0,1
1,50153,1,8,602,15,0,206,0,1
1,50153,1,8,602,15,0,206,0,1
1,50153,1,8,602,15,0,206,0,1
1,50153,1,8,602,15,0,206,0,1
1,50153,1,8,602,15,0,206,0,1
1,50153,1,8,602,15,0,206,0,1
1,50153,1,8,602,15,0,206,0,1
1,50153,1,8,602,15,0,206,0,1
1,50153,1,8,602,15,0,206,0,1
1,50153,1,8,602,15,0,206,0,1
1,50153,1,8,602,15,0,206,0,1
1,50153,1,8,602,15,0,206,0,1
1,50153,1,8,602,15,0,206,0,1
1,50153,1,8,602,15,0,206,0,1
1,50153,1,8,602,15,0,206,0,1
1,50153,1,8,602,15,0,206,0,1
1,50153,1,8,602,15,0,206,0,1
1,50153,1,8,602,15,0,206,0,1
1,50153,1,8,602,15,0,206,0,1
1,50153,1,8,602,15,0,206,0,1
1,50153,1,8,602,15,0,206,0,1
1,50153,1,8,602,15,0,206,0,1
1,50153,1,8,602,15,0,206,0,1
1,50153,1,8,602,15,0,206,0,1
1,50153,1,8,602,15,0,206,0,1
1,50153,1,8,602,15,0,206,0,1
1,50153,1,8,602,15,0,206,0,1
1,50153,1,8,602,15,0,206,0,1
1,50153,1,8,602,15,0,206,0,1
1,50153,1,8,602,15,0,206,0,1
1,50153,1,8,602,15,0,206,0,1
1,50153,1,8,602,15,0,206,0,1
1,50153,1,8,602,15,0,206,0,1
1,50153,1,8,602,15,0,206,0,1
1,50153,1,8,602,15,0,206,0,1
1,50153,1,8,602,15,0,206,0,1
1,50153,1,8,602,15,0,206,0,1
1,50153,1,8,602,15,0,206,0,1
1,50153,1,8,602,15,0,206,0,1
1,50153,1,8,602,15,0,206,0,1
1,50153,1,8,602,15,0,206,0,1
1,50153,1,8,602,15,0,206,0,1
1,50153,1,8,602,15,0,206,0,1
1,50153,1,8,602,15,0,206,0,1
1,50153,1,8,602,15,0,206,0,1
1,50153,1,8,602,15,0,206,0,1
1,50153,1,8,602,15,0,206,0,1
1,50153,1,8,602,15,0,206,0,1
1,50153,1,8,602,15,0,206,0,1
1,50153,1,8,602,15,0,206,0,1
1,50153,1,8,602,15,0,206,0,1
1,50153,1,8,602,15,0,206,0,1
1,50153,1,8,602,15,0,206,0,1
1,50153,1,8,602,15,0,206,0,1
1,50153,1,8,602,15,0,206,0,1
1,50153,1,8,602,15,0,206,0,1
1,50153,1,8,602,15,0,206,0,1
1,50153,1,8,602,15,0,206,0,1
1,50153,1,8,602,15,0,206,0,1
1,50153,1,8,602,15,0,206,0,1
1,50153,1,8,602,15,0,206,0,1
1,50153,1,8,602,15,0,206,0,1
1,50153,1,8,602,15,0,206,0,1
1,50153,1,8,602,15,0,206,0,1
1,50153,1,8,602,15,0,206,0,1
1,50153,1,8,602,15,0,206,0,1
1,50153,1,8,602,15,0,206,0,1
1,50153,1,8,602,15,0,206,0,1
1,50153,1,8,602,15,0,206,0,1
1,50153,1,8,602,15,0,206,0,1
1,50153,1,8,602,15,0,206,0,1
1,50153,1,8,602,15,0,206,0,1
1,50153,1,8,602,15,0,206,0,1
1,50153,1,8,602,15,0,206,0,1
1,50153,1,8,602,15,0,206,0,1
1,50153,1,8,602,15,0,206,0,1
1,50153,1,8,602,15,0,206,0,1
1,50153,1,8,602,15,0,206,0,1
1,50153,1,8,602,15,0,206,0,1
1,50153,1,8,602,15,0,206,0,1
1,50153,1,8,602,15,0,206,0,1
1,50153,1,8,602,15,0,206,0,1
1,50153,1,8,602,15,0,206,0,1
1,50153,1,8,602,15,0,206,0,1
1,50153,1,8,602,15,0,206,0,1
1,50153,1,8,602,15,0,206,0,1
1,50153,1,8,602,15,0,206,0,1
1,50153,1,8,602,15,0,206,0,1
1,50153,1,8,602,15,0,206,0,1
1,50153,1,8,602,15,0,206,0,1
1,50153,1,8,602,15,0,206,0,1
1,50153,1,8,602,15,0,206,0,1
1,50153,1,8,602,15,0,206,0,1
1,50153,1,8,602,15,0,206,0,1
1,50153,1,8,602,15,0,206,0,1
1,50153,1,8,602,15,0,206,0,1
1,50153,1,8,602,15,0,206,0,1
1,50153,1,8,602,15,0,206,0,1
1,50153,1,8,602,15,0,206,0,1
1,50153,1,8,602,15,0,206,0,1
1,50153,1,8,602,15,0,206,0,1
1,50153,1,8,602,15,0,206,0,1
1,50153,1,8,602,15,0,206,0,1
1,50153,1,8,602,15,0,206,0,1
1,50153,1,8,602,15,0,206,0,1
1,50153,1,8,602,15,0,206,0,1
1,50153,1,8,602,15,0,206,0,1
1,50153,1,8,602,15,0,206,0,1
1,50153,1,8,602,15,0,206,0,1
1,50153,1,8,602,15,0,206,0,1
1,50153,1,8,602,15,0,206,0,1
1,50153,1,8,602,15,0,206,0,1
1,50153,1,8,602,15,0,206,0,1
1,50153,1,8,602,15,0,206,0,1
1,50153,1,8,602,15,0,206,0,1
1,50153,1,8,602,15,0,206,0,1
1,50153,1,8,602,15,0,206,0,1
1,50153,1,8,602,15,0,206,0,1
1,50153,1,8,602,15,0,206,0,1
1,50153,1,8,602,15,0,206,0,1
1,50153,1,8,602,15,0,206,0,1
1,50153,1,8,602,15,0,206,0,1
1,50153,1,8,602,15,0,206,0,1
1,50153,1,8,602,15,0,206,0,1
1,50153,1,8,602,15,0,206,0,1
1,50153,1,8,602,15,0,206,0,1
1,50153,1,8,602,15,0,206,0,1
1,50153,1,8,602,15,0,206,0,1
1,50153,1,8,602,15,0,206,0,1
1,50153,1,8,602,15,0,206,0,1
1,50153,1,8,602,15,0,206,0,1
1,50153,1,8,602,15,0,206,0,1
1,50153,1,8,602,15,0,206,0,1
1,50153,1,8,602,15,0,206,0,1
1,50153,1,8,602,15,0,206,0,1
1,50153,1,8,602,15,0,206,0,1
1,50153,1,8,602,15,0,206,0,1
1,50153,1,8,602,15,0,206,0,1
1,50153,1,8,602,15,0,206,0,1
1,50153,1,8,602,15,0,206,0,1
1,50153,1,8,602,15,0,206,0,1
1,50153,1,8,602,15,0,206,0,1
1,50153,1,8,602,15,0,206,0,1
1,50153,1,8,602,15,0,206,0,1
1,50153,1,8,602,15,0,206,0,1
1,50153,1,8,602,15,0,206,0,1
1,50153,1,8,602,15,0,206,0,1
1,50153,1,8,602,15,0,206,0,1
1,50153,1,8,602,15,0,206,0,1
1,50153,1,8,602,15,0,206,0,1
1,50153,1,8,602,15,0,206,0,1
1,50153,1,8,602,15,0,206,0,1
1,50153,1,8,602,15,0,206,0,1
1,50153,1,8,602,15,0,206,0,1
1,50153,1,8,602,15,0,206,0,1
1,50153,1,8,602,15,0,206,0,1
1,50153,1,8,602,15,0,206,0,1
1,50153,1,8,602,15,0,206,0,1
1,50153,1,8,602,15,0,206,0,1
1,50153,1,8,602,15,0,206,0,1
1,50153,1,8,602,15,0,206,0,1
1,50153,1,8,602,15,0,206,0,1
1,50153,1,8,602,15,0,206,0,1
1,50153,1,8,602,15,0,206,0,1
1,50153,1,8,602,15,0,206,0,1
1,50153,1,8,602,15,0,206,0,1
1,50153,1,8,602,15,0,206,0,1
1,50153,1,8,602,15,0,206,0,1
1,50153,1,8,602,15,0,206,0,1
1,50153,1,8,602,15,0,206,0,1
1,50153,1,8,602,15,0,206,0,1
1,50153,1,8,602,15,0,206,0,1
1,50153,1,8,602,15,0,206,0,1
1,50153,1,8,602,15,0,206,0,1
1,50153,1,8,602,15,0,206,0,1
1,50153,1,8,602,15,0,206,0,1
1,50153,1,8,602,15,0,206,0,1
1,50153,1,8,602,15,0,206,0,1
1,50153,1,8,602,15,0,206,0,1
4,50169,14,12,827,14,0,302,0,1
4,50171,14,12,827,14,0,302,0,1
1,50170,20,9,608,14,0,206,0,1
1,50170,20,9,608,14,0,206,0,1
4,50197,15,10,604,83,0,206,0,1
